{"type":"FeatureCollection","attribution":"Confini: ISTAT, via openpolis/geojson-italy (CC-BY)","features":[{"type":"Feature","properties":{"name":"Piemonte"},"geometry":{"type":"Polygon","coordinates":[[[7.104,45.467],[7.115,45.477],[7.122,45.506],[7.138,45.516],[7.143,45.499],[7.137,45.492],[7.148,45.478],[7.157,45.487],[7.199,45.481],[7.223,45.47],[7.248,45.494],[7.263,45.499],[7.269,45.515],[7.303,45.517],[7.321,45.514],[7.359,45.526],[7.377,45.517],[7.411,45.535],[7.421,45.547],[7.448,45.556],[7.464,45.575],[7.489,45.583],[7.533,45.577],[7.543,45.586],[7.569,45.591],[7.605,45.574],[7.609,45.563],[7.634,45.571],[7.677,45.552],[7.688,45.557],[7.722,45.558],[7.733,45.55],[7.757,45.565],[7.787,45.576],[7.801,45.587],[7.849,45.602],[7.862,45.597],[7.877,45.6],[7.896,45.59],[7.897,45.611],[7.916,45.633],[7.936,45.636],[7.94,45.644],[7.921,45.661],[7.905,45.682],[7.912,45.701],[7.92,45.702],[7.937,45.724],[7.929,45.742],[7.9,45.749],[7.885,45.76],[7.882,45.77],[7.864,45.79],[7.862,45.82],[7.873,45.826],[7.864,45.84],[7.874,45.855],[7.864,45.893],[7.864,45.916],[7.877,45.926],[7.868,45.938],[7.877,45.955],[7.878,45.973],[7.895,45.981],[7.906,45.994],[7.922,45.997],[7.982,45.998],[8.012,46.012],[8.014,46.033],[8.033,46.047],[8.023,46.068],[8.033,46.098],[8.07,46.106],[8.108,46.112],[8.115,46.13],[8.143,46.137],[8.154,46.148],[8.151,46.165],[8.165,46.182],[8.152,46.197],[8.139,46.226],[8.125,46.23],[8.107,46.25],[8.088,46.254],[8.08,46.261],[8.138,46.302],[8.164,46.296],[8.199,46.302],[8.212,46.311],[8.225,46.335],[8.25,46.342],[8.265,46.352],[8.261,46.36],[8.285,46.365],[8.315,46.381],[8.317,46.397],[8.291,46.409],[8.307,46.426],[8.322,46.426],[8.339,46.433],[8.364,46.451],[8.391,46.452],[8.437,46.464],[8.45,46.462],[8.465,46.445],[8.458,46.425],[8.469,46.412],[8.463,46.384],[8.469,46.365],[8.462,46.353],[8.465,46.334],[8.444,46.32],[8.44,46.305],[8.428,46.298],[8.456,46.264],[8.442,46.254],[8.464,46.245],[8.469,46.233],[8.496,46.228],[8.533,46.217],[8.541,46.198],[8.568,46.178],[8.573,46.165],[8.602,46.154],[8.592,46.146],[8.61,46.133],[8.612,46.121],[8.648,46.123],[8.66,46.112],[8.689,46.102],[8.715,46.098],[8.706,46.081],[8.716,46.062],[8.72,46.042],[8.729,46.029],[8.719,46.011],[8.682,45.987],[8.595,45.923],[8.572,45.901],[8.57,45.891],[8.592,45.852],[8.595,45.834],[8.582,45.814],[8.564,45.807],[8.552,45.788],[8.556,45.775],[8.583,45.749],[8.591,45.733],[8.602,45.726],[8.646,45.722],[8.654,45.708],[8.64,45.685],[8.643,45.675],[8.681,45.676],[8.67,45.661],[8.688,45.642],[8.679,45.634],[8.662,45.643],[8.663,45.623],[8.678,45.622],[8.703,45.6],[8.703,45.587],[8.694,45.576],[8.705,45.57],[8.709,45.544],[8.719,45.531],[8.713,45.52],[8.723,45.506],[8.739,45.498],[8.76,45.497],[8.773,45.485],[8.787,45.486],[8.788,45.463],[8.808,45.448],[8.81,45.433],[8.821,45.435],[8.825,45.419],[8.843,45.394],[8.811,45.389],[8.812,45.383],[8.793,45.379],[8.765,45.388],[8.764,45.377],[8.728,45.375],[8.721,45.37],[8.746,45.355],[8.761,45.356],[8.742,45.332],[8.726,45.332],[8.715,45.302],[8.691,45.293],[8.666,45.292],[8.654,45.327],[8.632,45.338],[8.632,45.346],[8.613,45.354],[8.599,45.349],[8.578,45.348],[8.557,45.353],[8.554,45.362],[8.542,45.348],[8.526,45.342],[8.538,45.32],[8.514,45.313],[8.498,45.292],[8.518,45.287],[8.513,45.275],[8.535,45.278],[8.533,45.259],[8.543,45.253],[8.526,45.246],[8.555,45.239],[8.529,45.24],[8.544,45.234],[8.523,45.223],[8.547,45.203],[8.525,45.198],[8.529,45.193],[8.552,45.196],[8.557,45.205],[8.581,45.202],[8.562,45.194],[8.544,45.181],[8.543,45.173],[8.557,45.158],[8.586,45.147],[8.59,45.133],[8.612,45.128],[8.608,45.108],[8.623,45.098],[8.622,45.091],[8.646,45.075],[8.637,45.066],[8.645,45.061],[8.635,45.041],[8.653,45.034],[8.659,45.018],[8.673,45.028],[8.695,45.023],[8.705,45.037],[8.714,45.037],[8.728,45.023],[8.744,45.024],[8.768,45.007],[8.779,45.013],[8.778,45.024],[8.791,45.02],[8.802,45.026],[8.794,45.033],[8.81,45.034],[8.825,45.044],[8.864,45.049],[8.881,45.06],[8.881,45.054],[8.9,45.044],[8.905,45.027],[8.901,45.008],[8.926,44.982],[8.961,44.987],[8.978,44.967],[8.97,44.944],[8.998,44.918],[9.001,44.908],[9.018,44.901],[9.03,44.888],[9.055,44.889],[9.07,44.866],[9.049,44.85],[9.082,44.814],[9.095,44.819],[9.107,44.811],[9.126,44.806],[9.147,44.809],[9.156,44.815],[9.174,44.796],[9.172,44.772],[9.194,44.757],[9.214,44.752],[9.211,44.734],[9.203,44.722],[9.207,44.706],[9.2,44.686],[9.206,44.661],[9.199,44.65],[9.203,44.613],[9.205,44.601],[9.199,44.593],[9.183,44.591],[9.153,44.574],[9.139,44.574],[9.111,44.583],[9.102,44.594],[9.104,44.607],[9.073,44.624],[9.047,44.615],[9.039,44.641],[9.024,44.651],[9.013,44.667],[8.974,44.663],[8.958,44.676],[8.931,44.676],[8.909,44.648],[8.883,44.639],[8.893,44.626],[8.904,44.621],[8.912,44.58],[8.922,44.567],[8.905,44.556],[8.884,44.552],[8.87,44.566],[8.863,44.561],[8.827,44.562],[8.824,44.539],[8.806,44.535],[8.795,44.523],[8.798,44.5],[8.788,44.489],[8.769,44.49],[8.772,44.508],[8.767,44.526],[8.75,44.527],[8.757,44.536],[8.738,44.552],[8.733,44.57],[8.721,44.58],[8.69,44.582],[8.682,44.575],[8.663,44.58],[8.632,44.58],[8.624,44.586],[8.599,44.559],[8.614,44.546],[8.596,44.537],[8.587,44.524],[8.574,44.523],[8.576,44.509],[8.559,44.503],[8.543,44.512],[8.516,44.51],[8.482,44.511],[8.471,44.522],[8.453,44.51],[8.449,44.497],[8.429,44.503],[8.42,44.512],[8.404,44.507],[8.394,44.48],[8.358,44.465],[8.349,44.486],[8.321,44.488],[8.305,44.503],[8.289,44.503],[8.27,44.511],[8.253,44.529],[8.224,44.514],[8.217,44.495],[8.223,44.486],[8.202,44.478],[8.196,44.464],[8.21,44.456],[8.207,44.448],[8.222,44.433],[8.208,44.416],[8.206,44.404],[8.187,44.395],[8.171,44.395],[8.162,44.386],[8.15,44.385],[8.141,44.371],[8.148,44.356],[8.134,44.332],[8.107,44.333],[8.109,44.315],[8.102,44.301],[8.076,44.314],[8.061,44.3],[8.064,44.288],[8.073,44.289],[8.09,44.274],[8.082,44.263],[8.063,44.253],[8.081,44.242],[8.065,44.217],[8.075,44.206],[8.095,44.196],[8.092,44.175],[8.067,44.145],[8.043,44.143],[8.029,44.154],[8.009,44.156],[7.985,44.143],[7.979,44.134],[7.991,44.132],[8.012,44.12],[8.016,44.111],[8.005,44.102],[7.972,44.113],[7.958,44.104],[7.935,44.101],[7.926,44.11],[7.884,44.105],[7.877,44.114],[7.862,44.119],[7.815,44.123],[7.776,44.139],[7.764,44.141],[7.746,44.135],[7.723,44.121],[7.718,44.104],[7.734,44.083],[7.759,44.084],[7.738,44.076],[7.723,44.061],[7.714,44.062],[7.718,44.082],[7.69,44.109],[7.671,44.122],[7.667,44.13],[7.679,44.147],[7.671,44.153],[7.685,44.174],[7.636,44.177],[7.619,44.149],[7.566,44.155],[7.556,44.148],[7.535,44.147],[7.522,44.138],[7.508,44.144],[7.458,44.127],[7.428,44.13],[7.421,44.113],[7.393,44.126],[7.366,44.117],[7.355,44.118],[7.344,44.145],[7.292,44.146],[7.278,44.142],[7.251,44.156],[7.243,44.172],[7.217,44.17],[7.193,44.188],[7.187,44.201],[7.177,44.198],[7.161,44.207],[7.147,44.2],[7.118,44.215],[7.091,44.223],[7.07,44.234],[7.033,44.224],[7.013,44.233],[6.997,44.25],[6.995,44.281],[6.97,44.289],[6.956,44.298],[6.96,44.307],[6.953,44.319],[6.926,44.334],[6.919,44.353],[6.889,44.361],[6.897,44.376],[6.897,44.404],[6.893,44.421],[6.922,44.424],[6.948,44.43],[6.912,44.453],[6.907,44.466],[6.876,44.481],[6.859,44.509],[6.854,44.529],[6.881,44.554],[6.904,44.556],[6.912,44.568],[6.933,44.573],[6.935,44.598],[6.95,44.619],[6.965,44.619],[6.969,44.626],[6.955,44.635],[6.948,44.654],[6.959,44.674],[6.987,44.69],[7.03,44.691],[7.049,44.683],[7.073,44.681],[7.075,44.69],[7.065,44.714],[7.041,44.72],[7.031,44.729],[7.022,44.748],[7.02,44.775],[7.002,44.791],[7.024,44.823],[7.009,44.827],[7.007,44.838],[6.963,44.85],[6.932,44.863],[6.913,44.845],[6.871,44.85],[6.842,44.86],[6.808,44.876],[6.8,44.886],[6.786,44.889],[6.768,44.902],[6.75,44.907],[6.749,44.922],[6.76,44.934],[6.743,44.936],[6.765,44.959],[6.764,44.971],[6.74,44.99],[6.751,44.998],[6.746,45.013],[6.726,45.022],[6.679,45.02],[6.665,45.032],[6.662,45.072],[6.646,45.075],[6.646,45.082],[6.627,45.102],[6.633,45.115],[6.672,45.124],[6.68,45.14],[6.712,45.145],[6.74,45.137],[6.768,45.16],[6.823,45.144],[6.848,45.127],[6.898,45.141],[6.886,45.154],[6.894,45.169],[6.911,45.167],[6.947,45.17],[6.955,45.191],[6.968,45.196],[6.965,45.207],[6.989,45.21],[7.003,45.22],[7.017,45.215],[7.051,45.226],[7.067,45.21],[7.103,45.236],[7.111,45.246],[7.124,45.244],[7.135,45.254],[7.131,45.274],[7.136,45.28],[7.109,45.32],[7.11,45.327],[7.135,45.332],[7.138,45.351],[7.164,45.361],[7.159,45.373],[7.178,45.392],[7.184,45.407],[7.153,45.422],[7.131,45.427],[7.114,45.436],[7.099,45.461],[7.104,45.467]],[[8.704,45.018],[8.706,45.013],[8.705,45.024],[8.704,45.018]]]}},{"type":"Feature","properties":{"name":"Valle d'Aosta/Vall\u00e9e d'Aoste"},"geometry":{"type":"Polygon","coordinates":[[[7.104,45.467],[7.115,45.477],[7.122,45.506],[7.138,45.516],[7.143,45.499],[7.137,45.492],[7.148,45.478],[7.157,45.487],[7.199,45.481],[7.223,45.47],[7.248,45.494],[7.263,45.499],[7.269,45.515],[7.303,45.517],[7.321,45.514],[7.359,45.526],[7.377,45.517],[7.411,45.535],[7.421,45.547],[7.448,45.556],[7.464,45.575],[7.489,45.583],[7.533,45.577],[7.543,45.586],[7.569,45.591],[7.605,45.574],[7.609,45.563],[7.634,45.571],[7.677,45.552],[7.688,45.557],[7.722,45.558],[7.733,45.55],[7.757,45.565],[7.787,45.576],[7.801,45.587],[7.849,45.602],[7.862,45.597],[7.877,45.6],[7.896,45.59],[7.897,45.611],[7.916,45.633],[7.936,45.636],[7.94,45.644],[7.921,45.661],[7.905,45.682],[7.912,45.701],[7.92,45.702],[7.937,45.724],[7.929,45.742],[7.9,45.749],[7.885,45.76],[7.882,45.77],[7.864,45.79],[7.862,45.82],[7.873,45.826],[7.864,45.84],[7.874,45.855],[7.864,45.893],[7.864,45.916],[7.819,45.926],[7.8,45.917],[7.769,45.937],[7.748,45.939],[7.735,45.924],[7.718,45.925],[7.709,45.933],[7.71,45.948],[7.681,45.957],[7.668,45.973],[7.658,45.977],[7.639,45.97],[7.61,45.969],[7.584,45.972],[7.578,45.986],[7.55,45.986],[7.542,45.978],[7.546,45.963],[7.538,45.955],[7.502,45.961],[7.471,45.946],[7.475,45.936],[7.442,45.93],[7.432,45.918],[7.412,45.909],[7.403,45.911],[7.382,45.897],[7.344,45.915],[7.323,45.911],[7.296,45.922],[7.259,45.89],[7.221,45.89],[7.2,45.875],[7.2,45.863],[7.19,45.859],[7.162,45.871],[7.153,45.879],[7.135,45.873],[7.118,45.86],[7.102,45.859],[7.094,45.876],[7.077,45.89],[7.057,45.914],[7.046,45.922],[7.022,45.917],[7.004,45.9],[7.006,45.889],[6.992,45.869],[6.955,45.861],[6.942,45.849],[6.895,45.843],[6.883,45.849],[6.865,45.833],[6.844,45.842],[6.826,45.838],[6.805,45.817],[6.812,45.798],[6.802,45.782],[6.807,45.747],[6.817,45.74],[6.811,45.729],[6.825,45.709],[6.847,45.691],[6.869,45.681],[6.893,45.676],[6.903,45.68],[6.916,45.652],[6.933,45.647],[6.96,45.655],[6.997,45.641],[7.0,45.635],[6.984,45.624],[6.985,45.612],[6.978,45.589],[6.995,45.576],[6.99,45.563],[6.995,45.546],[6.99,45.531],[7.005,45.517],[7.0,45.505],[7.02,45.498],[7.052,45.496],[7.045,45.48],[7.048,45.472],[7.066,45.474],[7.104,45.467]]]}},{"type":"Feature","properties":{"name":"Liguria"},"geometry":{"type":"Polygon","coordinates":[[[7.714,44.062],[7.723,44.061],[7.738,44.076],[7.759,44.084],[7.734,44.083],[7.718,44.104],[7.723,44.121],[7.746,44.135],[7.764,44.141],[7.776,44.139],[7.815,44.123],[7.862,44.119],[7.877,44.114],[7.884,44.105],[7.926,44.11],[7.935,44.101],[7.958,44.104],[7.972,44.113],[8.005,44.102],[8.016,44.111],[8.012,44.12],[7.991,44.132],[7.979,44.134],[7.985,44.143],[8.009,44.156],[8.029,44.154],[8.043,44.143],[8.067,44.145],[8.092,44.175],[8.095,44.196],[8.075,44.206],[8.065,44.217],[8.081,44.242],[8.063,44.253],[8.082,44.263],[8.09,44.274],[8.073,44.289],[8.064,44.288],[8.061,44.3],[8.076,44.314],[8.102,44.301],[8.109,44.315],[8.107,44.333],[8.134,44.332],[8.148,44.356],[8.141,44.371],[8.15,44.385],[8.162,44.386],[8.171,44.395],[8.187,44.395],[8.206,44.404],[8.208,44.416],[8.222,44.433],[8.207,44.448],[8.21,44.456],[8.196,44.464],[8.202,44.478],[8.223,44.486],[8.217,44.495],[8.224,44.514],[8.253,44.529],[8.27,44.511],[8.289,44.503],[8.305,44.503],[8.321,44.488],[8.349,44.486],[8.358,44.465],[8.394,44.48],[8.404,44.507],[8.42,44.512],[8.429,44.503],[8.449,44.497],[8.453,44.51],[8.471,44.522],[8.482,44.511],[8.516,44.51],[8.543,44.512],[8.559,44.503],[8.576,44.509],[8.574,44.523],[8.587,44.524],[8.596,44.537],[8.614,44.546],[8.599,44.559],[8.624,44.586],[8.632,44.58],[8.663,44.58],[8.682,44.575],[8.69,44.582],[8.721,44.58],[8.733,44.57],[8.738,44.552],[8.757,44.536],[8.75,44.527],[8.767,44.526],[8.772,44.508],[8.769,44.49],[8.788,44.489],[8.798,44.5],[8.795,44.523],[8.806,44.535],[8.824,44.539],[8.827,44.562],[8.863,44.561],[8.87,44.566],[8.884,44.552],[8.905,44.556],[8.922,44.567],[8.912,44.58],[8.904,44.621],[8.893,44.626],[8.883,44.639],[8.909,44.648],[8.931,44.676],[8.958,44.676],[8.974,44.663],[9.013,44.667],[9.024,44.651],[9.039,44.641],[9.047,44.615],[9.073,44.624],[9.104,44.607],[9.102,44.594],[9.111,44.583],[9.139,44.574],[9.153,44.574],[9.183,44.591],[9.199,44.593],[9.205,44.601],[9.203,44.613],[9.246,44.62],[9.256,44.61],[9.245,44.601],[9.272,44.596],[9.284,44.598],[9.287,44.607],[9.3,44.608],[9.336,44.582],[9.369,44.583],[9.381,44.577],[9.389,44.59],[9.403,44.591],[9.406,44.601],[9.419,44.595],[9.423,44.575],[9.441,44.567],[9.451,44.571],[9.453,44.562],[9.47,44.566],[9.493,44.556],[9.488,44.548],[9.505,44.53],[9.495,44.503],[9.497,44.483],[9.469,44.482],[9.471,44.472],[9.452,44.44],[9.44,44.43],[9.443,44.417],[9.472,44.422],[9.479,44.409],[9.493,44.423],[9.551,44.428],[9.555,44.438],[9.585,44.428],[9.598,44.437],[9.613,44.426],[9.643,44.412],[9.655,44.412],[9.663,44.401],[9.675,44.365],[9.687,44.366],[9.706,44.366],[9.715,44.357],[9.729,44.328],[9.758,44.318],[9.764,44.306],[9.806,44.283],[9.815,44.286],[9.854,44.268],[9.86,44.252],[9.857,44.234],[9.875,44.224],[9.858,44.194],[9.865,44.181],[9.873,44.195],[9.891,44.205],[9.909,44.21],[9.915,44.2],[9.934,44.197],[9.892,44.168],[9.898,44.164],[9.922,44.17],[9.955,44.165],[9.966,44.169],[9.979,44.161],[9.977,44.14],[9.984,44.125],[9.993,44.12],[9.993,44.093],[10.002,44.108],[10.019,44.119],[10.047,44.115],[10.069,44.098],[10.06,44.079],[10.029,44.06],[10.019,44.044],[9.994,44.051],[9.977,44.036],[9.964,44.037],[9.912,44.069],[9.907,44.081],[9.881,44.081],[9.865,44.093],[9.851,44.11],[9.836,44.11],[9.821,44.093],[9.839,44.065],[9.852,44.06],[9.833,44.049],[9.822,44.058],[9.799,44.064],[9.754,44.091],[9.739,44.092],[9.725,44.113],[9.668,44.142],[9.643,44.144],[9.635,44.134],[9.607,44.157],[9.606,44.172],[9.591,44.173],[9.548,44.207],[9.527,44.208],[9.503,44.222],[9.495,44.235],[9.48,44.241],[9.469,44.234],[9.44,44.242],[9.433,44.254],[9.417,44.26],[9.403,44.252],[9.39,44.27],[9.387,44.283],[9.359,44.3],[9.3,44.323],[9.246,44.341],[9.235,44.348],[9.225,44.335],[9.216,44.336],[9.213,44.311],[9.219,44.299],[9.151,44.318],[9.155,44.348],[9.14,44.36],[9.058,44.38],[8.999,44.386],[8.984,44.392],[8.973,44.39],[8.931,44.396],[8.923,44.413],[8.911,44.408],[8.918,44.398],[8.885,44.406],[8.871,44.405],[8.822,44.415],[8.85,44.419],[8.833,44.423],[8.797,44.422],[8.797,44.417],[8.755,44.427],[8.741,44.426],[8.724,44.417],[8.693,44.408],[8.678,44.393],[8.649,44.39],[8.624,44.372],[8.596,44.362],[8.567,44.355],[8.564,44.346],[8.55,44.344],[8.526,44.331],[8.496,44.321],[8.489,44.304],[8.465,44.296],[8.448,44.285],[8.44,44.27],[8.456,44.258],[8.443,44.238],[8.416,44.222],[8.422,44.193],[8.399,44.181],[8.383,44.181],[8.329,44.161],[8.294,44.153],[8.275,44.144],[8.269,44.132],[8.249,44.117],[8.237,44.102],[8.227,44.08],[8.227,44.048],[8.179,44.011],[8.168,44.0],[8.159,43.981],[8.171,43.953],[8.141,43.947],[8.128,43.927],[8.094,43.917],[8.08,43.906],[8.081,43.898],[8.068,43.889],[8.045,43.887],[8.023,43.88],[8.015,43.872],[7.97,43.86],[7.966,43.852],[7.941,43.845],[7.916,43.843],[7.908,43.836],[7.876,43.836],[7.847,43.829],[7.83,43.816],[7.805,43.823],[7.787,43.82],[7.735,43.796],[7.713,43.801],[7.7,43.799],[7.673,43.776],[7.592,43.791],[7.569,43.792],[7.556,43.78],[7.531,43.784],[7.518,43.805],[7.508,43.842],[7.499,43.846],[7.495,43.862],[7.515,43.884],[7.563,43.901],[7.56,43.915],[7.572,43.935],[7.567,43.944],[7.588,43.955],[7.613,43.957],[7.649,43.974],[7.67,43.998],[7.662,44.018],[7.666,44.031],[7.703,44.045],[7.714,44.062]]]}},{"type":"Feature","properties":{"name":"Lombardia"},"geometry":{"type":"Polygon","coordinates":[[[8.715,46.098],[8.725,46.11],[8.743,46.122],[8.757,46.104],[8.783,46.094],[8.806,46.101],[8.833,46.083],[8.852,46.076],[8.855,46.062],[8.844,46.049],[8.834,46.051],[8.828,46.033],[8.806,46.022],[8.792,46.005],[8.786,45.989],[8.794,45.992],[8.831,45.988],[8.849,45.973],[8.879,45.956],[8.894,45.958],[8.899,45.945],[8.893,45.935],[8.898,45.925],[8.925,45.906],[8.922,45.895],[8.932,45.885],[8.934,45.87],[8.942,45.87],[8.915,45.844],[8.912,45.83],[8.929,45.833],[8.95,45.843],[8.97,45.832],[8.986,45.838],[8.995,45.834],[8.994,45.824],[9.015,45.819],[9.031,45.821],[9.036,45.841],[9.049,45.852],[9.054,45.872],[9.067,45.876],[9.087,45.897],[9.07,45.912],[9.042,45.927],[9.019,45.929],[9.013,45.942],[9.014,45.96],[8.988,45.973],[9.028,45.994],[9.022,46.017],[9.009,46.027],[9.009,46.036],[9.024,46.053],[9.048,46.062],[9.078,46.065],[9.089,46.09],[9.072,46.12],[9.121,46.135],[9.137,46.154],[9.154,46.162],[9.16,46.171],[9.184,46.172],[9.193,46.179],[9.2,46.206],[9.218,46.215],[9.221,46.23],[9.246,46.232],[9.255,46.269],[9.274,46.291],[9.285,46.297],[9.282,46.308],[9.3,46.327],[9.292,46.338],[9.299,46.344],[9.292,46.356],[9.281,46.359],[9.277,46.369],[9.284,46.386],[9.276,46.395],[9.281,46.408],[9.275,46.419],[9.249,46.431],[9.248,46.447],[9.272,46.455],[9.278,46.462],[9.275,46.481],[9.282,46.496],[9.311,46.505],[9.352,46.505],[9.363,46.509],[9.374,46.5],[9.371,46.49],[9.4,46.47],[9.413,46.467],[9.433,46.497],[9.45,46.5],[9.461,46.507],[9.459,46.485],[9.463,46.468],[9.457,46.463],[9.458,46.441],[9.454,46.422],[9.467,46.398],[9.462,46.376],[9.499,46.361],[9.511,46.339],[9.534,46.312],[9.549,46.302],[9.561,46.306],[9.582,46.295],[9.61,46.295],[9.621,46.288],[9.639,46.286],[9.672,46.301],[9.704,46.291],[9.714,46.293],[9.726,46.319],[9.723,46.341],[9.744,46.352],[9.765,46.338],[9.777,46.335],[9.822,46.352],[9.838,46.361],[9.871,46.363],[9.906,46.381],[9.925,46.366],[9.934,46.375],[9.953,46.379],[9.966,46.363],[9.996,46.351],[9.981,46.323],[9.997,46.314],[10.001,46.304],[9.993,46.293],[9.998,46.283],[10.03,46.277],[10.056,46.264],[10.06,46.251],[10.047,46.229],[10.071,46.217],[10.095,46.229],[10.124,46.224],[10.146,46.23],[10.151,46.24],[10.175,46.255],[10.173,46.265],[10.139,46.305],[10.117,46.314],[10.106,46.331],[10.111,46.353],[10.129,46.363],[10.128,46.378],[10.141,46.386],[10.164,46.391],[10.161,46.416],[10.148,46.417],[10.143,46.428],[10.131,46.432],[10.101,46.423],[10.08,46.421],[10.059,46.43],[10.055,46.441],[10.04,46.446],[10.053,46.461],[10.044,46.483],[10.047,46.511],[10.053,46.53],[10.044,46.538],[10.06,46.546],[10.085,46.567],[10.081,46.575],[10.101,46.583],[10.098,46.597],[10.102,46.611],[10.13,46.606],[10.191,46.626],[10.21,46.62],[10.239,46.635],[10.256,46.608],[10.242,46.591],[10.244,46.578],[10.254,46.572],[10.271,46.576],[10.289,46.568],[10.296,46.55],[10.311,46.547],[10.325,46.551],[10.342,46.544],[10.352,46.556],[10.363,46.556],[10.398,46.544],[10.419,46.551],[10.437,46.537],[10.453,46.531],[10.458,46.511],[10.482,46.494],[10.497,46.497],[10.555,46.489],[10.576,46.474],[10.6,46.469],[10.622,46.448],[10.617,46.444],[10.619,46.414],[10.631,46.402],[10.598,46.377],[10.567,46.378],[10.538,46.354],[10.519,46.355],[10.516,46.343],[10.533,46.339],[10.563,46.327],[10.565,46.313],[10.58,46.299],[10.562,46.282],[10.576,46.273],[10.585,46.249],[10.569,46.229],[10.57,46.222],[10.549,46.205],[10.541,46.189],[10.565,46.167],[10.546,46.142],[10.551,46.124],[10.542,46.104],[10.509,46.075],[10.489,46.065],[10.482,46.05],[10.483,46.022],[10.472,46.021],[10.458,46.01],[10.453,45.977],[10.487,45.971],[10.483,45.951],[10.491,45.933],[10.507,45.925],[10.506,45.903],[10.496,45.9],[10.491,45.882],[10.504,45.874],[10.502,45.861],[10.508,45.824],[10.524,45.827],[10.543,45.818],[10.526,45.806],[10.534,45.801],[10.533,45.788],[10.564,45.785],[10.611,45.805],[10.635,45.807],[10.641,45.802],[10.651,45.812],[10.656,45.832],[10.677,45.831],[10.696,45.84],[10.717,45.837],[10.723,45.841],[10.745,45.84],[10.756,45.83],[10.76,45.838],[10.778,45.843],[10.791,45.833],[10.826,45.838],[10.84,45.833],[10.835,45.818],[10.815,45.804],[10.772,45.751],[10.702,45.673],[10.631,45.61],[10.628,45.602],[10.644,45.445],[10.624,45.444],[10.627,45.438],[10.647,45.441],[10.644,45.418],[10.655,45.416],[10.665,45.428],[10.702,45.421],[10.716,45.415],[10.717,45.396],[10.699,45.38],[10.715,45.368],[10.704,45.359],[10.686,45.354],[10.687,45.343],[10.715,45.334],[10.706,45.316],[10.731,45.315],[10.728,45.291],[10.737,45.287],[10.783,45.315],[10.816,45.293],[10.84,45.273],[10.847,45.257],[10.876,45.253],[10.879,45.247],[10.9,45.246],[10.901,45.238],[10.937,45.233],[10.931,45.218],[10.947,45.206],[10.966,45.206],[10.991,45.196],[10.999,45.165],[10.996,45.151],[11.011,45.149],[11.028,45.159],[11.036,45.15],[11.047,45.153],[11.044,45.134],[11.029,45.128],[11.039,45.114],[11.073,45.099],[11.098,45.095],[11.095,45.106],[11.106,45.108],[11.127,45.103],[11.138,45.123],[11.146,45.126],[11.188,45.11],[11.205,45.109],[11.178,45.097],[11.177,45.088],[11.188,45.083],[11.175,45.075],[11.175,45.06],[11.201,45.06],[11.235,45.045],[11.248,45.044],[11.268,45.055],[11.27,45.044],[11.263,45.034],[11.275,45.017],[11.313,45.01],[11.332,44.992],[11.424,44.962],[11.427,44.95],[11.406,44.949],[11.378,44.958],[11.357,44.95],[11.323,44.961],[11.285,44.957],[11.272,44.938],[11.246,44.951],[11.232,44.945],[11.202,44.939],[11.143,44.938],[11.116,44.955],[11.072,44.962],[11.06,44.949],[10.998,44.955],[10.966,44.935],[10.951,44.933],[10.941,44.922],[10.914,44.923],[10.89,44.912],[10.897,44.922],[10.877,44.917],[10.865,44.93],[10.848,44.926],[10.84,44.932],[10.809,44.936],[10.745,44.949],[10.748,44.963],[10.732,44.991],[10.711,44.983],[10.711,44.973],[10.696,44.962],[10.696,44.974],[10.687,44.987],[10.665,44.969],[10.65,44.948],[10.628,44.924],[10.599,44.915],[10.566,44.908],[10.515,44.914],[10.501,44.924],[10.464,44.937],[10.436,44.943],[10.417,44.978],[10.406,44.984],[10.383,44.979],[10.365,44.966],[10.347,44.97],[10.331,44.981],[10.309,44.987],[10.3,45.0],[10.274,44.999],[10.254,45.019],[10.211,45.034],[10.194,45.028],[10.177,45.032],[10.171,45.042],[10.158,45.044],[10.148,45.035],[10.106,45.022],[10.093,45.024],[10.084,45.032],[10.082,45.047],[10.05,45.041],[10.053,45.05],[10.044,45.063],[10.03,45.067],[10.021,45.077],[10.029,45.095],[10.01,45.111],[9.993,45.13],[9.971,45.132],[9.932,45.103],[9.915,45.1],[9.926,45.132],[9.916,45.139],[9.881,45.127],[9.879,45.112],[9.901,45.095],[9.897,45.081],[9.883,45.075],[9.863,45.092],[9.844,45.097],[9.831,45.082],[9.835,45.069],[9.827,45.054],[9.817,45.054],[9.817,45.071],[9.81,45.08],[9.779,45.09],[9.767,45.107],[9.745,45.112],[9.753,45.087],[9.748,45.076],[9.73,45.064],[9.714,45.058],[9.682,45.071],[9.677,45.078],[9.643,45.08],[9.631,45.088],[9.637,45.101],[9.638,45.124],[9.618,45.133],[9.613,45.114],[9.602,45.104],[9.569,45.107],[9.561,45.122],[9.549,45.133],[9.537,45.126],[9.537,45.115],[9.551,45.095],[9.545,45.085],[9.532,45.078],[9.501,45.104],[9.466,45.095],[9.439,45.093],[9.436,45.082],[9.411,45.083],[9.406,45.073],[9.392,45.066],[9.371,45.048],[9.376,45.04],[9.369,45.024],[9.376,45.02],[9.366,45.003],[9.354,45.001],[9.343,44.991],[9.335,44.975],[9.338,44.965],[9.325,44.956],[9.315,44.937],[9.286,44.934],[9.293,44.92],[9.277,44.896],[9.293,44.89],[9.29,44.882],[9.307,44.876],[9.322,44.88],[9.342,44.867],[9.35,44.837],[9.363,44.822],[9.358,44.815],[9.33,44.8],[9.322,44.8],[9.318,44.786],[9.287,44.772],[9.287,44.759],[9.321,44.743],[9.333,44.735],[9.308,44.706],[9.325,44.69],[9.306,44.688],[9.299,44.681],[9.266,44.684],[9.259,44.68],[9.24,44.712],[9.232,44.703],[9.242,44.687],[9.217,44.684],[9.2,44.686],[9.207,44.706],[9.203,44.722],[9.211,44.734],[9.214,44.752],[9.194,44.757],[9.172,44.772],[9.174,44.796],[9.156,44.815],[9.147,44.809],[9.126,44.806],[9.107,44.811],[9.095,44.819],[9.082,44.814],[9.049,44.85],[9.07,44.866],[9.055,44.889],[9.03,44.888],[9.018,44.901],[9.001,44.908],[8.998,44.918],[8.97,44.944],[8.978,44.967],[8.961,44.987],[8.926,44.982],[8.901,45.008],[8.905,45.027],[8.9,45.044],[8.881,45.054],[8.881,45.06],[8.864,45.049],[8.825,45.044],[8.81,45.034],[8.794,45.033],[8.802,45.026],[8.791,45.02],[8.778,45.024],[8.779,45.013],[8.768,45.007],[8.744,45.024],[8.728,45.023],[8.714,45.037],[8.705,45.037],[8.695,45.023],[8.673,45.028],[8.659,45.018],[8.653,45.034],[8.635,45.041],[8.645,45.061],[8.637,45.066],[8.646,45.075],[8.622,45.091],[8.623,45.098],[8.608,45.108],[8.612,45.128],[8.59,45.133],[8.586,45.147],[8.557,45.158],[8.543,45.173],[8.544,45.181],[8.562,45.194],[8.581,45.202],[8.557,45.205],[8.552,45.196],[8.529,45.193],[8.525,45.198],[8.547,45.203],[8.523,45.223],[8.544,45.234],[8.529,45.24],[8.555,45.239],[8.526,45.246],[8.543,45.253],[8.533,45.259],[8.535,45.278],[8.513,45.275],[8.518,45.287],[8.498,45.292],[8.514,45.313],[8.538,45.32],[8.526,45.342],[8.542,45.348],[8.554,45.362],[8.557,45.353],[8.578,45.348],[8.599,45.349],[8.613,45.354],[8.632,45.346],[8.632,45.338],[8.654,45.327],[8.666,45.292],[8.691,45.293],[8.715,45.302],[8.726,45.332],[8.742,45.332],[8.761,45.356],[8.746,45.355],[8.721,45.37],[8.728,45.375],[8.764,45.377],[8.765,45.388],[8.793,45.379],[8.812,45.383],[8.811,45.389],[8.843,45.394],[8.825,45.419],[8.821,45.435],[8.81,45.433],[8.808,45.448],[8.788,45.463],[8.787,45.486],[8.773,45.485],[8.76,45.497],[8.739,45.498],[8.723,45.506],[8.713,45.52],[8.719,45.531],[8.709,45.544],[8.705,45.57],[8.694,45.576],[8.703,45.587],[8.703,45.6],[8.678,45.622],[8.663,45.623],[8.662,45.643],[8.679,45.634],[8.688,45.642],[8.67,45.661],[8.681,45.676],[8.643,45.675],[8.64,45.685],[8.654,45.708],[8.646,45.722],[8.602,45.726],[8.591,45.733],[8.583,45.749],[8.556,45.775],[8.552,45.788],[8.564,45.807],[8.582,45.814],[8.595,45.834],[8.592,45.852],[8.57,45.891],[8.572,45.901],[8.595,45.923],[8.682,45.987],[8.719,46.011],[8.729,46.029],[8.72,46.042],[8.716,46.062],[8.706,46.081],[8.715,46.098]],[[9.29,44.701],[9.302,44.703],[9.293,44.706],[9.29,44.701]],[[9.305,44.694],[9.304,44.697],[9.299,44.694],[9.305,44.694]]]}},{"type":"Feature","properties":{"name":"Trentino-Alto Adige/S\u00fcdtirol"},"geometry":{"type":"Polygon","coordinates":[[[10.84,45.833],[10.826,45.838],[10.791,45.833],[10.778,45.843],[10.76,45.838],[10.756,45.83],[10.745,45.84],[10.723,45.841],[10.717,45.837],[10.696,45.84],[10.677,45.831],[10.656,45.832],[10.651,45.812],[10.641,45.802],[10.635,45.807],[10.611,45.805],[10.564,45.785],[10.533,45.788],[10.534,45.801],[10.526,45.806],[10.543,45.818],[10.524,45.827],[10.508,45.824],[10.502,45.861],[10.504,45.874],[10.491,45.882],[10.496,45.9],[10.506,45.903],[10.507,45.925],[10.491,45.933],[10.483,45.951],[10.487,45.971],[10.453,45.977],[10.458,46.01],[10.472,46.021],[10.483,46.022],[10.482,46.05],[10.489,46.065],[10.509,46.075],[10.542,46.104],[10.551,46.124],[10.546,46.142],[10.565,46.167],[10.541,46.189],[10.549,46.205],[10.57,46.222],[10.569,46.229],[10.585,46.249],[10.576,46.273],[10.562,46.282],[10.58,46.299],[10.565,46.313],[10.563,46.327],[10.533,46.339],[10.516,46.343],[10.519,46.355],[10.538,46.354],[10.567,46.378],[10.598,46.377],[10.631,46.402],[10.619,46.414],[10.617,46.444],[10.622,46.448],[10.6,46.469],[10.576,46.474],[10.555,46.489],[10.497,46.497],[10.482,46.494],[10.458,46.511],[10.453,46.531],[10.473,46.544],[10.475,46.566],[10.484,46.578],[10.485,46.595],[10.492,46.615],[10.446,46.641],[10.411,46.635],[10.393,46.655],[10.388,46.687],[10.402,46.704],[10.416,46.709],[10.417,46.719],[10.402,46.734],[10.435,46.752],[10.441,46.752],[10.442,46.77],[10.427,46.786],[10.427,46.794],[10.449,46.802],[10.47,46.855],[10.479,46.859],[10.496,46.849],[10.525,46.846],[10.551,46.85],[10.55,46.84],[10.564,46.841],[10.601,46.858],[10.624,46.864],[10.645,46.865],[10.668,46.876],[10.697,46.863],[10.695,46.852],[10.734,46.835],[10.756,46.831],[10.763,46.821],[10.746,46.804],[10.726,46.798],[10.73,46.788],[10.759,46.786],[10.786,46.796],[10.811,46.778],[10.825,46.774],[10.84,46.782],[10.866,46.773],[10.872,46.766],[10.89,46.764],[10.915,46.774],[10.945,46.775],[10.994,46.767],[11.014,46.772],[11.022,46.765],[11.042,46.803],[11.084,46.823],[11.072,46.84],[11.075,46.858],[11.1,46.89],[11.095,46.907],[11.12,46.93],[11.141,46.928],[11.168,46.945],[11.165,46.965],[11.177,46.963],[11.19,46.97],[11.205,46.965],[11.241,46.97],[11.259,46.978],[11.299,46.984],[11.321,46.992],[11.335,46.987],[11.358,46.99],[11.384,46.97],[11.401,46.965],[11.425,46.969],[11.443,46.978],[11.453,46.992],[11.467,46.994],[11.48,47.011],[11.499,47.01],[11.532,46.992],[11.538,46.984],[11.581,46.997],[11.581,47.001],[11.616,47.012],[11.628,47.012],[11.639,47.002],[11.667,46.992],[11.711,46.993],[11.73,46.972],[11.747,46.969],[11.766,46.975],[11.781,46.992],[11.814,46.99],[11.831,46.992],[11.867,47.011],[11.888,47.016],[11.932,47.037],[11.944,47.035],[11.978,47.05],[12.02,47.047],[12.043,47.061],[12.073,47.06],[12.094,47.077],[12.12,47.074],[12.136,47.08],[12.161,47.082],[12.187,47.092],[12.224,47.083],[12.24,47.07],[12.218,47.059],[12.216,47.045],[12.205,47.027],[12.167,47.021],[12.148,47.024],[12.121,47.007],[12.138,46.98],[12.132,46.964],[12.157,46.951],[12.167,46.933],[12.144,46.914],[12.16,46.908],[12.189,46.906],[12.208,46.88],[12.219,46.874],[12.243,46.89],[12.268,46.887],[12.276,46.873],[12.29,46.862],[12.296,46.846],[12.306,46.835],[12.283,46.815],[12.292,46.803],[12.281,46.791],[12.286,46.782],[12.311,46.784],[12.357,46.775],[12.368,46.743],[12.38,46.72],[12.443,46.688],[12.474,46.687],[12.478,46.68],[12.438,46.669],[12.404,46.643],[12.38,46.643],[12.39,46.628],[12.385,46.623],[12.359,46.62],[12.341,46.63],[12.316,46.63],[12.306,46.619],[12.286,46.618],[12.256,46.627],[12.232,46.614],[12.212,46.609],[12.192,46.597],[12.194,46.62],[12.171,46.634],[12.146,46.634],[12.078,46.672],[12.068,46.675],[12.067,46.654],[12.072,46.646],[12.066,46.627],[12.047,46.608],[12.05,46.594],[12.044,46.582],[11.998,46.533],[11.988,46.545],[11.95,46.539],[11.945,46.529],[11.912,46.533],[11.888,46.523],[11.853,46.518],[11.828,46.509],[11.81,46.485],[11.813,46.478],[11.871,46.473],[11.887,46.465],[11.888,46.442],[11.87,46.433],[11.85,46.434],[11.838,46.415],[11.844,46.41],[11.832,46.388],[11.835,46.366],[11.82,46.377],[11.813,46.368],[11.791,46.367],[11.774,46.358],[11.78,46.352],[11.8,46.344],[11.803,46.334],[11.832,46.323],[11.841,46.306],[11.826,46.285],[11.841,46.27],[11.885,46.279],[11.886,46.258],[11.929,46.249],[11.91,46.224],[11.92,46.22],[11.94,46.199],[11.962,46.199],[11.962,46.188],[11.951,46.17],[11.929,46.176],[11.919,46.149],[11.89,46.12],[11.846,46.112],[11.807,46.103],[11.777,46.103],[11.759,46.096],[11.751,46.105],[11.718,46.103],[11.703,46.09],[11.688,46.095],[11.682,46.09],[11.686,46.067],[11.705,46.047],[11.677,46.044],[11.667,46.038],[11.682,46.028],[11.669,46.018],[11.69,45.989],[11.686,45.969],[11.667,45.964],[11.628,45.961],[11.631,45.969],[11.588,45.969],[11.577,46.007],[11.552,46.012],[11.511,46.012],[11.492,46.009],[11.447,45.981],[11.396,45.98],[11.374,45.984],[11.372,45.973],[11.383,45.951],[11.38,45.943],[11.358,45.944],[11.358,45.925],[11.345,45.921],[11.346,45.909],[11.318,45.921],[11.301,45.935],[11.304,45.918],[11.258,45.921],[11.261,45.907],[11.251,45.896],[11.255,45.884],[11.244,45.877],[11.24,45.857],[11.218,45.844],[11.219,45.833],[11.199,45.824],[11.188,45.812],[11.203,45.783],[11.174,45.787],[11.181,45.763],[11.174,45.733],[11.139,45.709],[11.139,45.697],[11.09,45.696],[11.071,45.705],[11.056,45.718],[11.041,45.706],[11.016,45.706],[11.012,45.716],[10.996,45.708],[10.995,45.696],[10.968,45.68],[10.972,45.702],[10.962,45.686],[10.951,45.685],[10.943,45.673],[10.922,45.68],[10.912,45.688],[10.926,45.699],[10.881,45.717],[10.844,45.719],[10.855,45.742],[10.863,45.744],[10.865,45.761],[10.885,45.778],[10.873,45.788],[10.877,45.803],[10.888,45.812],[10.882,45.818],[10.84,45.833]]]}},{"type":"Feature","properties":{"name":"Veneto"},"geometry":{"type":"Polygon","coordinates":[[[10.84,45.833],[10.882,45.818],[10.888,45.812],[10.877,45.803],[10.873,45.788],[10.885,45.778],[10.865,45.761],[10.863,45.744],[10.855,45.742],[10.844,45.719],[10.881,45.717],[10.926,45.699],[10.912,45.688],[10.922,45.68],[10.943,45.673],[10.951,45.685],[10.962,45.686],[10.972,45.702],[10.968,45.68],[10.995,45.696],[10.996,45.708],[11.012,45.716],[11.016,45.706],[11.041,45.706],[11.056,45.718],[11.071,45.705],[11.09,45.696],[11.139,45.697],[11.139,45.709],[11.174,45.733],[11.181,45.763],[11.174,45.787],[11.203,45.783],[11.188,45.812],[11.199,45.824],[11.219,45.833],[11.218,45.844],[11.24,45.857],[11.244,45.877],[11.255,45.884],[11.251,45.896],[11.261,45.907],[11.258,45.921],[11.304,45.918],[11.301,45.935],[11.318,45.921],[11.346,45.909],[11.345,45.921],[11.358,45.925],[11.358,45.944],[11.38,45.943],[11.383,45.951],[11.372,45.973],[11.374,45.984],[11.396,45.98],[11.447,45.981],[11.492,46.009],[11.511,46.012],[11.552,46.012],[11.577,46.007],[11.588,45.969],[11.631,45.969],[11.628,45.961],[11.667,45.964],[11.686,45.969],[11.69,45.989],[11.669,46.018],[11.682,46.028],[11.667,46.038],[11.677,46.044],[11.705,46.047],[11.686,46.067],[11.682,46.09],[11.688,46.095],[11.703,46.09],[11.718,46.103],[11.751,46.105],[11.759,46.096],[11.777,46.103],[11.807,46.103],[11.846,46.112],[11.89,46.12],[11.919,46.149],[11.929,46.176],[11.951,46.17],[11.962,46.188],[11.962,46.199],[11.94,46.199],[11.92,46.22],[11.91,46.224],[11.929,46.249],[11.886,46.258],[11.885,46.279],[11.841,46.27],[11.826,46.285],[11.841,46.306],[11.832,46.323],[11.803,46.334],[11.8,46.344],[11.78,46.352],[11.774,46.358],[11.791,46.367],[11.813,46.368],[11.82,46.377],[11.835,46.366],[11.832,46.388],[11.844,46.41],[11.838,46.415],[11.85,46.434],[11.87,46.433],[11.888,46.442],[11.887,46.465],[11.871,46.473],[11.813,46.478],[11.81,46.485],[11.828,46.509],[11.853,46.518],[11.888,46.523],[11.912,46.533],[11.945,46.529],[11.95,46.539],[11.988,46.545],[11.998,46.533],[12.044,46.582],[12.05,46.594],[12.047,46.608],[12.066,46.627],[12.072,46.646],[12.067,46.654],[12.068,46.675],[12.078,46.672],[12.146,46.634],[12.171,46.634],[12.194,46.62],[12.192,46.597],[12.212,46.609],[12.232,46.614],[12.256,46.627],[12.286,46.618],[12.306,46.619],[12.316,46.63],[12.341,46.63],[12.359,46.62],[12.385,46.623],[12.39,46.628],[12.38,46.643],[12.404,46.643],[12.438,46.669],[12.478,46.68],[12.514,46.678],[12.527,46.674],[12.546,46.659],[12.565,46.651],[12.579,46.656],[12.603,46.656],[12.632,46.66],[12.642,46.652],[12.667,46.657],[12.686,46.656],[12.717,46.648],[12.732,46.634],[12.705,46.618],[12.708,46.602],[12.69,46.601],[12.657,46.573],[12.644,46.576],[12.629,46.561],[12.619,46.54],[12.63,46.514],[12.63,46.501],[12.654,46.484],[12.662,46.468],[12.621,46.475],[12.607,46.464],[12.595,46.471],[12.568,46.476],[12.542,46.458],[12.531,46.465],[12.525,46.449],[12.505,46.44],[12.492,46.424],[12.499,46.412],[12.489,46.409],[12.469,46.39],[12.455,46.392],[12.461,46.369],[12.429,46.352],[12.417,46.355],[12.421,46.343],[12.41,46.331],[12.375,46.329],[12.355,46.32],[12.351,46.294],[12.329,46.283],[12.321,46.269],[12.324,46.256],[12.341,46.24],[12.376,46.223],[12.402,46.229],[12.409,46.222],[12.4,46.211],[12.407,46.207],[12.446,46.208],[12.442,46.199],[12.447,46.18],[12.463,46.168],[12.49,46.157],[12.499,46.138],[12.485,46.107],[12.472,46.096],[12.436,46.083],[12.416,46.059],[12.41,46.059],[12.399,46.041],[12.415,46.027],[12.419,46.009],[12.427,45.996],[12.426,45.947],[12.453,45.947],[12.467,45.932],[12.483,45.926],[12.501,45.925],[12.516,45.904],[12.508,45.897],[12.533,45.88],[12.531,45.863],[12.55,45.861],[12.557,45.843],[12.555,45.829],[12.565,45.832],[12.596,45.817],[12.594,45.831],[12.606,45.838],[12.646,45.821],[12.654,45.81],[12.65,45.802],[12.662,45.792],[12.674,45.792],[12.696,45.807],[12.729,45.837],[12.743,45.827],[12.769,45.85],[12.78,45.854],[12.803,45.845],[12.802,45.823],[12.819,45.825],[12.819,45.834],[12.844,45.848],[12.861,45.851],[12.877,45.843],[12.87,45.834],[12.893,45.82],[12.921,45.831],[12.929,45.817],[12.952,45.822],[12.952,45.844],[12.961,45.847],[12.979,45.834],[12.973,45.821],[12.979,45.815],[12.978,45.788],[13.006,45.766],[13.001,45.749],[13.016,45.741],[13.008,45.731],[13.029,45.737],[13.039,45.717],[13.037,45.699],[13.052,45.696],[13.044,45.684],[13.062,45.679],[13.065,45.656],[13.084,45.657],[13.083,45.65],[13.101,45.643],[13.098,45.635],[13.065,45.631],[12.974,45.625],[12.917,45.612],[12.906,45.612],[12.893,45.601],[12.867,45.588],[12.788,45.557],[12.757,45.541],[12.719,45.525],[12.703,45.522],[12.644,45.503],[12.584,45.479],[12.468,45.445],[12.451,45.437],[12.428,45.419],[12.402,45.429],[12.379,45.414],[12.361,45.396],[12.332,45.354],[12.33,45.337],[12.343,45.334],[12.325,45.329],[12.307,45.286],[12.298,45.246],[12.305,45.229],[12.3,45.216],[12.306,45.195],[12.335,45.164],[12.327,45.137],[12.337,45.098],[12.344,45.089],[12.401,45.042],[12.449,45.012],[12.485,44.993],[12.509,44.995],[12.554,44.969],[12.555,44.96],[12.541,44.955],[12.51,44.927],[12.481,44.868],[12.466,44.844],[12.424,44.827],[12.415,44.82],[12.422,44.811],[12.398,44.793],[12.353,44.817],[12.343,44.846],[12.334,44.853],[12.304,44.855],[12.287,44.87],[12.282,44.912],[12.293,44.923],[12.292,44.932],[12.274,44.943],[12.235,44.931],[12.225,44.923],[12.191,44.926],[12.169,44.942],[12.144,44.928],[12.128,44.935],[12.116,44.958],[12.092,44.97],[12.057,44.971],[12.047,44.977],[12.017,44.976],[11.997,44.982],[11.963,44.987],[11.926,44.975],[11.89,44.977],[11.838,44.973],[11.805,44.977],[11.784,44.964],[11.747,44.958],[11.74,44.952],[11.745,44.937],[11.733,44.927],[11.716,44.926],[11.67,44.914],[11.625,44.889],[11.592,44.892],[11.586,44.911],[11.556,44.923],[11.539,44.935],[11.527,44.937],[11.466,44.936],[11.434,44.929],[11.425,44.932],[11.427,44.95],[11.424,44.962],[11.332,44.992],[11.313,45.01],[11.275,45.017],[11.263,45.034],[11.27,45.044],[11.268,45.055],[11.248,45.044],[11.235,45.045],[11.201,45.06],[11.175,45.06],[11.175,45.075],[11.188,45.083],[11.177,45.088],[11.178,45.097],[11.205,45.109],[11.188,45.11],[11.146,45.126],[11.138,45.123],[11.127,45.103],[11.106,45.108],[11.095,45.106],[11.098,45.095],[11.073,45.099],[11.039,45.114],[11.029,45.128],[11.044,45.134],[11.047,45.153],[11.036,45.15],[11.028,45.159],[11.011,45.149],[10.996,45.151],[10.999,45.165],[10.991,45.196],[10.966,45.206],[10.947,45.206],[10.931,45.218],[10.937,45.233],[10.901,45.238],[10.9,45.246],[10.879,45.247],[10.876,45.253],[10.847,45.257],[10.84,45.273],[10.816,45.293],[10.783,45.315],[10.737,45.287],[10.728,45.291],[10.731,45.315],[10.706,45.316],[10.715,45.334],[10.687,45.343],[10.686,45.354],[10.704,45.359],[10.715,45.368],[10.699,45.38],[10.717,45.396],[10.716,45.415],[10.702,45.421],[10.665,45.428],[10.655,45.416],[10.644,45.418],[10.647,45.441],[10.627,45.438],[10.624,45.444],[10.644,45.445],[10.628,45.602],[10.631,45.61],[10.702,45.673],[10.772,45.751],[10.815,45.804],[10.835,45.818],[10.84,45.833]]]}},{"type":"Feature","properties":{"name":"Friuli-Venezia Giulia"},"geometry":{"type":"Polygon","coordinates":[[[12.732,46.634],[12.705,46.618],[12.708,46.602],[12.69,46.601],[12.657,46.573],[12.644,46.576],[12.629,46.561],[12.619,46.54],[12.63,46.514],[12.63,46.501],[12.654,46.484],[12.662,46.468],[12.621,46.475],[12.607,46.464],[12.595,46.471],[12.568,46.476],[12.542,46.458],[12.531,46.465],[12.525,46.449],[12.505,46.44],[12.492,46.424],[12.499,46.412],[12.489,46.409],[12.469,46.39],[12.455,46.392],[12.461,46.369],[12.429,46.352],[12.417,46.355],[12.421,46.343],[12.41,46.331],[12.375,46.329],[12.355,46.32],[12.351,46.294],[12.329,46.283],[12.321,46.269],[12.324,46.256],[12.341,46.24],[12.376,46.223],[12.402,46.229],[12.409,46.222],[12.4,46.211],[12.407,46.207],[12.446,46.208],[12.442,46.199],[12.447,46.18],[12.463,46.168],[12.49,46.157],[12.499,46.138],[12.485,46.107],[12.472,46.096],[12.436,46.083],[12.416,46.059],[12.41,46.059],[12.399,46.041],[12.415,46.027],[12.419,46.009],[12.427,45.996],[12.426,45.947],[12.453,45.947],[12.467,45.932],[12.483,45.926],[12.501,45.925],[12.516,45.904],[12.508,45.897],[12.533,45.88],[12.531,45.863],[12.55,45.861],[12.557,45.843],[12.555,45.829],[12.565,45.832],[12.596,45.817],[12.594,45.831],[12.606,45.838],[12.646,45.821],[12.654,45.81],[12.65,45.802],[12.662,45.792],[12.674,45.792],[12.696,45.807],[12.729,45.837],[12.743,45.827],[12.769,45.85],[12.78,45.854],[12.803,45.845],[12.802,45.823],[12.819,45.825],[12.819,45.834],[12.844,45.848],[12.861,45.851],[12.877,45.843],[12.87,45.834],[12.893,45.82],[12.921,45.831],[12.929,45.817],[12.952,45.822],[12.952,45.844],[12.961,45.847],[12.979,45.834],[12.973,45.821],[12.979,45.815],[12.978,45.788],[13.006,45.766],[13.001,45.749],[13.016,45.741],[13.008,45.731],[13.029,45.737],[13.039,45.717],[13.037,45.699],[13.052,45.696],[13.044,45.684],[13.062,45.679],[13.065,45.656],[13.084,45.657],[13.083,45.65],[13.101,45.643],[13.109,45.663],[13.151,45.692],[13.152,45.701],[13.171,45.703],[13.186,45.711],[13.245,45.713],[13.255,45.708],[13.291,45.704],[13.323,45.687],[13.352,45.679],[13.368,45.683],[13.386,45.675],[13.424,45.677],[13.455,45.69],[13.468,45.703],[13.487,45.705],[13.531,45.723],[13.551,45.723],[13.554,45.729],[13.526,45.737],[13.517,45.744],[13.521,45.763],[13.546,45.787],[13.545,45.796],[13.562,45.778],[13.583,45.78],[13.599,45.773],[13.631,45.768],[13.644,45.756],[13.677,45.737],[13.712,45.711],[13.712,45.705],[13.733,45.696],[13.753,45.68],[13.769,45.653],[13.755,45.65],[13.747,45.639],[13.757,45.628],[13.767,45.637],[13.777,45.634],[13.776,45.619],[13.784,45.613],[13.808,45.613],[13.786,45.599],[13.773,45.605],[13.74,45.61],[13.72,45.606],[13.723,45.595],[13.746,45.598],[13.781,45.584],[13.811,45.581],[13.849,45.585],[13.874,45.61],[13.918,45.631],[13.903,45.643],[13.879,45.652],[13.858,45.666],[13.831,45.693],[13.835,45.701],[13.827,45.714],[13.811,45.723],[13.796,45.743],[13.736,45.76],[13.73,45.767],[13.705,45.777],[13.671,45.798],[13.623,45.798],[13.596,45.808],[13.589,45.831],[13.574,45.849],[13.591,45.873],[13.59,45.888],[13.609,45.899],[13.636,45.934],[13.635,45.954],[13.642,45.984],[13.633,45.989],[13.62,45.984],[13.585,45.988],[13.569,45.969],[13.531,45.966],[13.516,45.978],[13.5,45.982],[13.476,46.006],[13.497,46.018],[13.51,46.046],[13.497,46.049],[13.502,46.062],[13.53,46.068],[13.547,46.083],[13.572,46.089],[13.603,46.113],[13.64,46.135],[13.652,46.148],[13.663,46.18],[13.646,46.188],[13.615,46.184],[13.586,46.19],[13.565,46.188],[13.561,46.204],[13.53,46.217],[13.498,46.217],[13.496,46.222],[13.456,46.226],[13.445,46.224],[13.446,46.213],[13.423,46.206],[13.411,46.212],[13.422,46.234],[13.406,46.243],[13.397,46.258],[13.392,46.28],[13.376,46.298],[13.403,46.3],[13.418,46.318],[13.447,46.33],[13.437,46.355],[13.448,46.363],[13.467,46.361],[13.482,46.369],[13.516,46.377],[13.517,46.383],[13.533,46.386],[13.57,46.402],[13.577,46.409],[13.582,46.43],[13.599,46.439],[13.647,46.446],[13.684,46.437],[13.697,46.454],[13.695,46.468],[13.705,46.477],[13.703,46.501],[13.716,46.508],[13.714,46.523],[13.675,46.523],[13.627,46.542],[13.591,46.546],[13.57,46.539],[13.564,46.551],[13.542,46.554],[13.515,46.548],[13.504,46.566],[13.476,46.558],[13.427,46.558],[13.408,46.562],[13.406,46.572],[13.373,46.579],[13.368,46.568],[13.346,46.569],[13.321,46.552],[13.301,46.559],[13.267,46.56],[13.237,46.553],[13.215,46.57],[13.197,46.572],[13.164,46.589],[13.143,46.589],[13.082,46.6],[13.045,46.596],[13.023,46.601],[12.988,46.599],[12.935,46.608],[12.868,46.609],[12.852,46.605],[12.834,46.611],[12.837,46.627],[12.803,46.634],[12.792,46.643],[12.762,46.648],[12.732,46.634]]]}},{"type":"Feature","properties":{"name":"Emilia-Romagna"},"geometry":{"type":"Polygon","coordinates":[[[11.427,44.95],[11.425,44.932],[11.434,44.929],[11.466,44.936],[11.527,44.937],[11.539,44.935],[11.556,44.923],[11.586,44.911],[11.592,44.892],[11.625,44.889],[11.67,44.914],[11.716,44.926],[11.733,44.927],[11.745,44.937],[11.74,44.952],[11.747,44.958],[11.784,44.964],[11.805,44.977],[11.838,44.973],[11.89,44.977],[11.926,44.975],[11.963,44.987],[11.997,44.982],[12.017,44.976],[12.047,44.977],[12.057,44.971],[12.092,44.97],[12.116,44.958],[12.128,44.935],[12.144,44.928],[12.169,44.942],[12.191,44.926],[12.225,44.923],[12.235,44.931],[12.274,44.943],[12.292,44.932],[12.293,44.923],[12.282,44.912],[12.287,44.87],[12.304,44.855],[12.334,44.853],[12.343,44.846],[12.353,44.817],[12.398,44.793],[12.375,44.784],[12.33,44.787],[12.341,44.789],[12.326,44.795],[12.365,44.787],[12.385,44.79],[12.335,44.824],[12.317,44.841],[12.29,44.842],[12.259,44.816],[12.27,44.806],[12.285,44.816],[12.257,44.78],[12.244,44.74],[12.24,44.691],[12.256,44.649],[12.276,44.615],[12.283,44.587],[12.283,44.559],[12.281,44.512],[12.294,44.489],[12.286,44.486],[12.292,44.454],[12.315,44.407],[12.33,44.346],[12.343,44.319],[12.351,44.286],[12.368,44.249],[12.392,44.213],[12.408,44.202],[12.428,44.181],[12.473,44.144],[12.516,44.105],[12.556,44.079],[12.575,44.079],[12.605,44.049],[12.632,44.025],[12.688,43.987],[12.713,43.975],[12.751,43.969],[12.754,43.96],[12.734,43.934],[12.727,43.912],[12.735,43.896],[12.723,43.879],[12.734,43.87],[12.722,43.861],[12.697,43.853],[12.682,43.853],[12.675,43.825],[12.643,43.827],[12.624,43.821],[12.611,43.831],[12.619,43.843],[12.601,43.851],[12.603,43.862],[12.589,43.865],[12.589,43.886],[12.567,43.882],[12.56,43.869],[12.541,43.865],[12.522,43.874],[12.518,43.881],[12.502,43.875],[12.489,43.883],[12.487,43.896],[12.492,43.918],[12.516,43.942],[12.507,43.959],[12.514,43.991],[12.464,43.975],[12.439,43.959],[12.413,43.952],[12.405,43.956],[12.406,43.943],[12.415,43.931],[12.408,43.922],[12.417,43.9],[12.44,43.906],[12.462,43.894],[12.456,43.878],[12.446,43.871],[12.404,43.875],[12.391,43.847],[12.399,43.826],[12.388,43.817],[12.368,43.813],[12.35,43.8],[12.316,43.806],[12.286,43.795],[12.289,43.786],[12.284,43.765],[12.258,43.76],[12.244,43.751],[12.228,43.76],[12.209,43.755],[12.195,43.732],[12.16,43.762],[12.124,43.749],[12.107,43.754],[12.077,43.741],[12.065,43.743],[12.06,43.754],[12.01,43.765],[11.987,43.762],[11.951,43.778],[11.948,43.79],[11.917,43.796],[11.91,43.813],[11.898,43.808],[11.867,43.817],[11.842,43.808],[11.821,43.816],[11.784,43.848],[11.732,43.863],[11.71,43.877],[11.717,43.922],[11.692,43.931],[11.682,43.938],[11.693,43.953],[11.66,43.975],[11.646,43.988],[11.65,44.003],[11.664,44.006],[11.657,44.016],[11.682,44.021],[11.696,44.039],[11.701,44.056],[11.733,44.085],[11.753,44.121],[11.745,44.126],[11.72,44.121],[11.682,44.123],[11.653,44.101],[11.639,44.112],[11.612,44.12],[11.585,44.112],[11.588,44.124],[11.6,44.125],[11.604,44.137],[11.618,44.146],[11.61,44.16],[11.578,44.161],[11.553,44.166],[11.545,44.153],[11.522,44.155],[11.486,44.176],[11.482,44.185],[11.468,44.186],[11.448,44.205],[11.451,44.221],[11.421,44.239],[11.394,44.217],[11.381,44.2],[11.346,44.205],[11.324,44.193],[11.323,44.182],[11.281,44.156],[11.235,44.158],[11.214,44.15],[11.196,44.151],[11.196,44.143],[11.249,44.117],[11.26,44.116],[11.264,44.104],[11.241,44.098],[11.229,44.102],[11.208,44.099],[11.155,44.112],[11.125,44.108],[11.09,44.091],[11.054,44.091],[11.029,44.096],[11.002,44.112],[11.015,44.125],[11.015,44.137],[10.993,44.134],[10.993,44.129],[10.971,44.116],[10.964,44.102],[10.945,44.082],[10.927,44.075],[10.918,44.063],[10.899,44.066],[10.902,44.086],[10.876,44.1],[10.848,44.099],[10.843,44.11],[10.829,44.117],[10.819,44.112],[10.798,44.126],[10.773,44.135],[10.761,44.15],[10.742,44.156],[10.662,44.154],[10.641,44.16],[10.633,44.146],[10.623,44.141],[10.624,44.12],[10.605,44.115],[10.583,44.12],[10.569,44.137],[10.525,44.157],[10.523,44.175],[10.487,44.203],[10.492,44.218],[10.466,44.23],[10.431,44.227],[10.415,44.235],[10.407,44.249],[10.377,44.267],[10.361,44.272],[10.337,44.272],[10.296,44.285],[10.254,44.269],[10.236,44.283],[10.229,44.297],[10.218,44.305],[10.168,44.33],[10.16,44.345],[10.133,44.354],[10.099,44.346],[10.053,44.373],[10.042,44.374],[10.008,44.39],[9.989,44.404],[10.006,44.432],[9.996,44.447],[9.981,44.445],[9.971,44.452],[9.971,44.464],[9.933,44.471],[9.909,44.468],[9.855,44.471],[9.826,44.468],[9.811,44.451],[9.79,44.437],[9.781,44.425],[9.753,44.401],[9.76,44.39],[9.745,44.389],[9.732,44.379],[9.717,44.383],[9.687,44.366],[9.675,44.365],[9.663,44.401],[9.655,44.412],[9.643,44.412],[9.613,44.426],[9.598,44.437],[9.585,44.428],[9.555,44.438],[9.551,44.428],[9.493,44.423],[9.479,44.409],[9.472,44.422],[9.443,44.417],[9.44,44.43],[9.452,44.44],[9.471,44.472],[9.469,44.482],[9.497,44.483],[9.495,44.503],[9.505,44.53],[9.488,44.548],[9.493,44.556],[9.47,44.566],[9.453,44.562],[9.451,44.571],[9.441,44.567],[9.423,44.575],[9.419,44.595],[9.406,44.601],[9.403,44.591],[9.389,44.59],[9.381,44.577],[9.369,44.583],[9.336,44.582],[9.3,44.608],[9.287,44.607],[9.284,44.598],[9.272,44.596],[9.245,44.601],[9.256,44.61],[9.246,44.62],[9.203,44.613],[9.199,44.65],[9.206,44.661],[9.2,44.686],[9.217,44.684],[9.242,44.687],[9.232,44.703],[9.24,44.712],[9.259,44.68],[9.266,44.684],[9.299,44.681],[9.306,44.688],[9.325,44.69],[9.308,44.706],[9.333,44.735],[9.321,44.743],[9.287,44.759],[9.287,44.772],[9.318,44.786],[9.322,44.8],[9.33,44.8],[9.358,44.815],[9.363,44.822],[9.35,44.837],[9.342,44.867],[9.322,44.88],[9.307,44.876],[9.29,44.882],[9.293,44.89],[9.277,44.896],[9.293,44.92],[9.286,44.934],[9.315,44.937],[9.325,44.956],[9.338,44.965],[9.335,44.975],[9.343,44.991],[9.354,45.001],[9.366,45.003],[9.376,45.02],[9.369,45.024],[9.376,45.04],[9.371,45.048],[9.392,45.066],[9.406,45.073],[9.411,45.083],[9.436,45.082],[9.439,45.093],[9.466,45.095],[9.501,45.104],[9.532,45.078],[9.545,45.085],[9.551,45.095],[9.537,45.115],[9.537,45.126],[9.549,45.133],[9.561,45.122],[9.569,45.107],[9.602,45.104],[9.613,45.114],[9.618,45.133],[9.638,45.124],[9.637,45.101],[9.631,45.088],[9.643,45.08],[9.677,45.078],[9.682,45.071],[9.714,45.058],[9.73,45.064],[9.748,45.076],[9.753,45.087],[9.745,45.112],[9.767,45.107],[9.779,45.09],[9.81,45.08],[9.817,45.071],[9.817,45.054],[9.827,45.054],[9.835,45.069],[9.831,45.082],[9.844,45.097],[9.863,45.092],[9.883,45.075],[9.897,45.081],[9.901,45.095],[9.879,45.112],[9.881,45.127],[9.916,45.139],[9.926,45.132],[9.915,45.1],[9.932,45.103],[9.971,45.132],[9.993,45.13],[10.01,45.111],[10.029,45.095],[10.021,45.077],[10.03,45.067],[10.044,45.063],[10.053,45.05],[10.05,45.041],[10.082,45.047],[10.084,45.032],[10.093,45.024],[10.106,45.022],[10.148,45.035],[10.158,45.044],[10.171,45.042],[10.177,45.032],[10.194,45.028],[10.211,45.034],[10.254,45.019],[10.274,44.999],[10.3,45.0],[10.309,44.987],[10.331,44.981],[10.347,44.97],[10.365,44.966],[10.383,44.979],[10.406,44.984],[10.417,44.978],[10.436,44.943],[10.464,44.937],[10.501,44.924],[10.515,44.914],[10.566,44.908],[10.599,44.915],[10.628,44.924],[10.65,44.948],[10.665,44.969],[10.687,44.987],[10.696,44.974],[10.696,44.962],[10.711,44.973],[10.711,44.983],[10.732,44.991],[10.748,44.963],[10.745,44.949],[10.809,44.936],[10.84,44.932],[10.848,44.926],[10.865,44.93],[10.877,44.917],[10.897,44.922],[10.89,44.912],[10.914,44.923],[10.941,44.922],[10.951,44.933],[10.966,44.935],[10.998,44.955],[11.06,44.949],[11.072,44.962],[11.116,44.955],[11.143,44.938],[11.202,44.939],[11.232,44.945],[11.246,44.951],[11.272,44.938],[11.285,44.957],[11.323,44.961],[11.357,44.95],[11.378,44.958],[11.406,44.949],[11.427,44.95]],[[12.17,43.805],[12.188,43.774],[12.199,43.77],[12.212,43.782],[12.24,43.787],[12.237,43.801],[12.224,43.81],[12.218,43.803],[12.189,43.805],[12.177,43.812],[12.17,43.805]]]}},{"type":"Feature","properties":{"name":"Marche"},"geometry":{"type":"Polygon","coordinates":[[[12.214,43.611],[12.21,43.621],[12.19,43.633],[12.186,43.642],[12.208,43.651],[12.233,43.656],[12.251,43.673],[12.245,43.681],[12.272,43.677],[12.293,43.685],[12.306,43.698],[12.301,43.719],[12.308,43.73],[12.314,43.721],[12.314,43.701],[12.32,43.688],[12.316,43.678],[12.336,43.678],[12.331,43.708],[12.346,43.709],[12.357,43.702],[12.371,43.709],[12.367,43.716],[12.335,43.74],[12.327,43.751],[12.301,43.756],[12.284,43.765],[12.289,43.786],[12.286,43.795],[12.316,43.806],[12.35,43.8],[12.368,43.813],[12.388,43.817],[12.399,43.826],[12.391,43.847],[12.404,43.875],[12.446,43.871],[12.456,43.878],[12.462,43.894],[12.487,43.896],[12.489,43.883],[12.502,43.875],[12.518,43.881],[12.522,43.874],[12.541,43.865],[12.56,43.869],[12.567,43.882],[12.589,43.886],[12.589,43.865],[12.603,43.862],[12.601,43.851],[12.619,43.843],[12.611,43.831],[12.624,43.821],[12.643,43.827],[12.675,43.825],[12.682,43.853],[12.697,43.853],[12.722,43.861],[12.734,43.87],[12.723,43.879],[12.735,43.896],[12.727,43.912],[12.734,43.934],[12.754,43.96],[12.751,43.969],[12.798,43.965],[12.878,43.931],[12.892,43.924],[12.907,43.923],[12.964,43.881],[13.003,43.856],[13.021,43.852],[13.066,43.822],[13.102,43.795],[13.138,43.771],[13.17,43.752],[13.239,43.707],[13.27,43.688],[13.308,43.668],[13.355,43.648],[13.373,43.645],[13.41,43.625],[13.453,43.611],[13.482,43.607],[13.495,43.622],[13.504,43.616],[13.507,43.631],[13.526,43.622],[13.552,43.603],[13.579,43.567],[13.609,43.559],[13.626,43.55],[13.622,43.535],[13.627,43.496],[13.642,43.474],[13.67,43.426],[13.71,43.337],[13.736,43.308],[13.763,43.258],[13.779,43.235],[13.784,43.219],[13.817,43.147],[13.844,43.101],[13.853,43.055],[13.881,42.964],[13.893,42.937],[13.916,42.895],[13.881,42.892],[13.857,42.885],[13.816,42.878],[13.799,42.867],[13.778,42.86],[13.727,42.856],[13.707,42.849],[13.711,42.843],[13.699,42.823],[13.664,42.807],[13.641,42.803],[13.621,42.816],[13.6,42.806],[13.575,42.801],[13.553,42.806],[13.546,42.816],[13.535,42.817],[13.53,42.796],[13.519,42.791],[13.502,42.771],[13.504,42.75],[13.493,42.737],[13.482,42.732],[13.452,42.734],[13.438,42.718],[13.44,42.702],[13.427,42.706],[13.398,42.689],[13.358,42.694],[13.342,42.701],[13.318,42.723],[13.297,42.73],[13.288,42.739],[13.265,42.74],[13.254,42.722],[13.239,42.726],[13.189,42.734],[13.199,42.748],[13.195,42.762],[13.216,42.771],[13.246,42.768],[13.251,42.789],[13.264,42.808],[13.255,42.823],[13.248,42.849],[13.235,42.868],[13.232,42.856],[13.211,42.841],[13.188,42.835],[13.154,42.835],[13.14,42.855],[13.122,42.874],[13.112,42.889],[13.081,42.9],[13.055,42.919],[13.025,42.903],[13.001,42.909],[13.0,42.891],[12.99,42.872],[12.976,42.87],[12.969,42.904],[12.977,42.926],[12.949,42.93],[12.948,42.941],[12.926,42.955],[12.896,42.965],[12.908,42.985],[12.89,43.007],[12.907,43.035],[12.892,43.048],[12.89,43.059],[12.897,43.093],[12.885,43.1],[12.883,43.117],[12.875,43.123],[12.843,43.122],[12.834,43.148],[12.851,43.153],[12.863,43.167],[12.868,43.195],[12.862,43.211],[12.851,43.21],[12.837,43.218],[12.826,43.248],[12.823,43.267],[12.804,43.271],[12.789,43.283],[12.8,43.291],[12.802,43.305],[12.794,43.334],[12.759,43.364],[12.75,43.381],[12.751,43.395],[12.772,43.401],[12.781,43.415],[12.766,43.426],[12.767,43.446],[12.776,43.451],[12.767,43.46],[12.735,43.464],[12.715,43.446],[12.709,43.426],[12.687,43.429],[12.663,43.437],[12.622,43.425],[12.605,43.438],[12.584,43.446],[12.563,43.461],[12.524,43.496],[12.518,43.508],[12.483,43.528],[12.474,43.519],[12.459,43.516],[12.438,43.538],[12.417,43.534],[12.4,43.51],[12.388,43.51],[12.386,43.52],[12.365,43.533],[12.35,43.522],[12.333,43.524],[12.313,43.543],[12.32,43.553],[12.341,43.553],[12.367,43.577],[12.371,43.586],[12.362,43.595],[12.371,43.611],[12.357,43.617],[12.345,43.608],[12.334,43.61],[12.311,43.599],[12.306,43.589],[12.272,43.594],[12.261,43.589],[12.225,43.594],[12.214,43.611]],[[12.408,43.602],[12.433,43.593],[12.423,43.61],[12.408,43.602]]]}},{"type":"Feature","properties":{"name":"Toscana"},"geometry":{"type":"MultiPolygon","coordinates":[[[[9.687,44.366],[9.717,44.383],[9.732,44.379],[9.745,44.389],[9.76,44.39],[9.753,44.401],[9.781,44.425],[9.79,44.437],[9.811,44.451],[9.826,44.468],[9.855,44.471],[9.909,44.468],[9.933,44.471],[9.971,44.464],[9.971,44.452],[9.981,44.445],[9.996,44.447],[10.006,44.432],[9.989,44.404],[10.008,44.39],[10.042,44.374],[10.053,44.373],[10.099,44.346],[10.133,44.354],[10.16,44.345],[10.168,44.33],[10.218,44.305],[10.229,44.297],[10.236,44.283],[10.254,44.269],[10.296,44.285],[10.337,44.272],[10.361,44.272],[10.377,44.267],[10.407,44.249],[10.415,44.235],[10.431,44.227],[10.466,44.23],[10.492,44.218],[10.487,44.203],[10.523,44.175],[10.525,44.157],[10.569,44.137],[10.583,44.12],[10.605,44.115],[10.624,44.12],[10.623,44.141],[10.633,44.146],[10.641,44.16],[10.662,44.154],[10.742,44.156],[10.761,44.15],[10.773,44.135],[10.798,44.126],[10.819,44.112],[10.829,44.117],[10.843,44.11],[10.848,44.099],[10.876,44.1],[10.902,44.086],[10.899,44.066],[10.918,44.063],[10.927,44.075],[10.945,44.082],[10.964,44.102],[10.971,44.116],[10.993,44.129],[10.993,44.134],[11.015,44.137],[11.015,44.125],[11.002,44.112],[11.029,44.096],[11.054,44.091],[11.09,44.091],[11.125,44.108],[11.155,44.112],[11.208,44.099],[11.229,44.102],[11.241,44.098],[11.264,44.104],[11.26,44.116],[11.249,44.117],[11.196,44.143],[11.196,44.151],[11.214,44.15],[11.235,44.158],[11.281,44.156],[11.323,44.182],[11.324,44.193],[11.346,44.205],[11.381,44.2],[11.394,44.217],[11.421,44.239],[11.451,44.221],[11.448,44.205],[11.468,44.186],[11.482,44.185],[11.486,44.176],[11.522,44.155],[11.545,44.153],[11.553,44.166],[11.578,44.161],[11.61,44.16],[11.618,44.146],[11.604,44.137],[11.6,44.125],[11.588,44.124],[11.585,44.112],[11.612,44.12],[11.639,44.112],[11.653,44.101],[11.682,44.123],[11.72,44.121],[11.745,44.126],[11.753,44.121],[11.733,44.085],[11.701,44.056],[11.696,44.039],[11.682,44.021],[11.657,44.016],[11.664,44.006],[11.65,44.003],[11.646,43.988],[11.66,43.975],[11.693,43.953],[11.682,43.938],[11.692,43.931],[11.717,43.922],[11.71,43.877],[11.732,43.863],[11.784,43.848],[11.821,43.816],[11.842,43.808],[11.867,43.817],[11.898,43.808],[11.91,43.813],[11.917,43.796],[11.948,43.79],[11.951,43.778],[11.987,43.762],[12.01,43.765],[12.06,43.754],[12.065,43.743],[12.077,43.741],[12.107,43.754],[12.124,43.749],[12.16,43.762],[12.195,43.732],[12.209,43.755],[12.228,43.76],[12.244,43.751],[12.258,43.76],[12.284,43.765],[12.301,43.756],[12.327,43.751],[12.335,43.74],[12.367,43.716],[12.371,43.709],[12.357,43.702],[12.346,43.709],[12.331,43.708],[12.336,43.678],[12.316,43.678],[12.32,43.688],[12.314,43.701],[12.314,43.721],[12.308,43.73],[12.301,43.719],[12.306,43.698],[12.293,43.685],[12.272,43.677],[12.245,43.681],[12.251,43.673],[12.233,43.656],[12.208,43.651],[12.186,43.642],[12.19,43.633],[12.21,43.621],[12.214,43.611],[12.196,43.599],[12.19,43.587],[12.163,43.561],[12.153,43.529],[12.143,43.534],[12.103,43.53],[12.095,43.522],[12.091,43.503],[12.145,43.48],[12.143,43.47],[12.105,43.461],[12.097,43.446],[12.08,43.434],[12.057,43.438],[12.025,43.416],[12.034,43.4],[12.052,43.398],[12.077,43.402],[12.073,43.37],[12.089,43.366],[12.101,43.373],[12.119,43.364],[12.135,43.341],[12.134,43.316],[12.127,43.308],[12.134,43.293],[12.177,43.282],[12.183,43.301],[12.195,43.314],[12.224,43.296],[12.21,43.283],[12.175,43.273],[12.149,43.255],[12.122,43.255],[12.092,43.236],[12.05,43.253],[12.034,43.246],[12.039,43.229],[12.026,43.19],[12.006,43.181],[11.988,43.181],[11.97,43.169],[11.94,43.159],[11.924,43.148],[11.92,43.132],[11.913,43.128],[11.931,43.091],[11.923,43.08],[11.936,43.056],[11.948,43.055],[11.957,43.069],[11.981,43.056],[11.972,43.035],[11.972,43.022],[11.954,42.979],[11.95,42.977],[11.952,42.948],[11.939,42.933],[11.933,42.905],[11.952,42.901],[11.959,42.892],[11.959,42.871],[11.926,42.867],[11.92,42.857],[11.892,42.843],[11.895,42.835],[11.847,42.838],[11.833,42.827],[11.814,42.823],[11.811,42.8],[11.803,42.801],[11.776,42.821],[11.753,42.802],[11.746,42.786],[11.765,42.779],[11.779,42.758],[11.809,42.753],[11.819,42.743],[11.809,42.731],[11.802,42.707],[11.781,42.707],[11.786,42.671],[11.8,42.668],[11.809,42.659],[11.805,42.644],[11.781,42.635],[11.75,42.64],[11.752,42.626],[11.736,42.607],[11.71,42.61],[11.7,42.601],[11.68,42.595],[11.686,42.585],[11.668,42.576],[11.658,42.577],[11.644,42.567],[11.625,42.569],[11.614,42.557],[11.605,42.568],[11.589,42.571],[11.579,42.566],[11.586,42.542],[11.57,42.534],[11.561,42.517],[11.581,42.509],[11.593,42.495],[11.616,42.489],[11.618,42.436],[11.555,42.439],[11.544,42.442],[11.518,42.434],[11.489,42.439],[11.481,42.434],[11.477,42.414],[11.451,42.395],[11.45,42.378],[11.418,42.387],[11.348,42.401],[11.28,42.409],[11.279,42.416],[11.253,42.42],[11.222,42.414],[11.206,42.402],[11.213,42.387],[11.192,42.379],[11.19,42.365],[11.165,42.368],[11.153,42.361],[11.151,42.371],[11.126,42.386],[11.098,42.393],[11.09,42.409],[11.089,42.427],[11.104,42.447],[11.112,42.447],[11.122,42.435],[11.132,42.439],[11.157,42.434],[11.179,42.453],[11.187,42.471],[11.192,42.501],[11.189,42.52],[11.178,42.539],[11.158,42.562],[11.136,42.559],[11.134,42.551],[11.123,42.558],[11.11,42.579],[11.099,42.605],[11.082,42.613],[11.086,42.626],[11.071,42.635],[11.014,42.657],[10.991,42.7],[10.98,42.716],[10.952,42.737],[10.921,42.75],[10.846,42.769],[10.811,42.775],[10.785,42.775],[10.743,42.798],[10.731,42.802],[10.754,42.807],[10.765,42.816],[10.776,42.844],[10.77,42.863],[10.772,42.872],[10.787,42.888],[10.775,42.907],[10.754,42.922],[10.712,42.94],[10.677,42.95],[10.618,42.954],[10.563,42.951],[10.544,42.93],[10.545,42.922],[10.525,42.92],[10.499,42.936],[10.485,42.966],[10.485,42.99],[10.506,42.99],[10.516,42.999],[10.511,43.011],[10.522,43.021],[10.532,43.053],[10.537,43.084],[10.54,43.134],[10.538,43.17],[10.53,43.222],[10.521,43.252],[10.501,43.292],[10.463,43.318],[10.455,43.329],[10.455,43.345],[10.444,43.354],[10.441,43.371],[10.425,43.399],[10.405,43.405],[10.4,43.422],[10.379,43.449],[10.33,43.474],[10.331,43.484],[10.322,43.496],[10.313,43.52],[10.293,43.547],[10.313,43.573],[10.294,43.561],[10.299,43.579],[10.292,43.594],[10.286,43.642],[10.27,43.677],[10.28,43.681],[10.282,43.693],[10.277,43.714],[10.277,43.738],[10.258,43.814],[10.238,43.856],[10.238,43.873],[10.21,43.911],[10.181,43.942],[10.144,43.975],[10.091,44.013],[10.06,44.029],[10.035,44.035],[10.019,44.044],[10.029,44.06],[10.06,44.079],[10.069,44.098],[10.047,44.115],[10.019,44.119],[10.002,44.108],[9.993,44.093],[9.993,44.12],[9.984,44.125],[9.977,44.14],[9.979,44.161],[9.966,44.169],[9.955,44.165],[9.922,44.17],[9.898,44.164],[9.892,44.168],[9.934,44.197],[9.915,44.2],[9.909,44.21],[9.891,44.205],[9.873,44.195],[9.865,44.181],[9.858,44.194],[9.875,44.224],[9.857,44.234],[9.86,44.252],[9.854,44.268],[9.815,44.286],[9.806,44.283],[9.764,44.306],[9.758,44.318],[9.729,44.328],[9.715,44.357],[9.706,44.366],[9.687,44.366]],[[10.481,44.189],[10.481,44.19],[10.482,44.19],[10.481,44.189]]],[[[10.08,42.619],[10.089,42.616],[10.087,42.601],[10.098,42.589],[10.1,42.575],[10.088,42.568],[10.052,42.574],[10.046,42.581],[10.054,42.589],[10.066,42.587],[10.083,42.604],[10.08,42.619]]],[[[10.245,42.75],[10.238,42.748],[10.237,42.726],[10.207,42.734],[10.188,42.736],[10.152,42.73],[10.122,42.742],[10.104,42.768],[10.103,42.784],[10.109,42.794],[10.137,42.807],[10.17,42.806],[10.185,42.811],[10.206,42.807],[10.229,42.789],[10.242,42.787],[10.248,42.799],[10.265,42.8],[10.275,42.819],[10.27,42.826],[10.297,42.819],[10.329,42.818],[10.318,42.805],[10.341,42.797],[10.358,42.8],[10.359,42.813],[10.38,42.828],[10.391,42.851],[10.411,42.873],[10.42,42.861],[10.442,42.848],[10.429,42.816],[10.435,42.777],[10.388,42.761],[10.41,42.754],[10.411,42.744],[10.423,42.742],[10.434,42.726],[10.432,42.713],[10.42,42.708],[10.41,42.716],[10.398,42.712],[10.377,42.719],[10.357,42.752],[10.345,42.764],[10.318,42.759],[10.326,42.745],[10.318,42.736],[10.313,42.757],[10.299,42.759],[10.291,42.753],[10.29,42.739],[10.27,42.738],[10.245,42.75]]],[[[9.837,43.062],[9.837,43.051],[9.847,43.046],[9.839,43.027],[9.812,43.003],[9.793,43.021],[9.796,43.026],[9.799,43.035],[9.801,43.053],[9.825,43.073],[9.837,43.062]]],[[[10.313,42.351],[10.326,42.344],[10.33,42.322],[10.308,42.315],[10.297,42.316],[10.289,42.326],[10.298,42.35],[10.313,42.351]]],[[[12.17,43.805],[12.188,43.774],[12.199,43.77],[12.212,43.782],[12.24,43.787],[12.237,43.801],[12.224,43.81],[12.218,43.803],[12.189,43.805],[12.177,43.812],[12.17,43.805]]],[[[10.907,42.38],[10.924,42.356],[10.923,42.344],[10.932,42.339],[10.921,42.318],[10.905,42.326],[10.883,42.351],[10.867,42.354],[10.868,42.368],[10.882,42.368],[10.88,42.389],[10.907,42.38]]]]}},{"type":"Feature","properties":{"name":"Umbria"},"geometry":{"type":"Polygon","coordinates":[[[11.895,42.835],[11.892,42.843],[11.92,42.857],[11.926,42.867],[11.959,42.871],[11.959,42.892],[11.952,42.901],[11.933,42.905],[11.939,42.933],[11.952,42.948],[11.95,42.977],[11.954,42.979],[11.972,43.022],[11.972,43.035],[11.981,43.056],[11.957,43.069],[11.948,43.055],[11.936,43.056],[11.923,43.08],[11.931,43.091],[11.913,43.128],[11.92,43.132],[11.924,43.148],[11.94,43.159],[11.97,43.169],[11.988,43.181],[12.006,43.181],[12.026,43.19],[12.039,43.229],[12.034,43.246],[12.05,43.253],[12.092,43.236],[12.122,43.255],[12.149,43.255],[12.175,43.273],[12.21,43.283],[12.224,43.296],[12.195,43.314],[12.183,43.301],[12.177,43.282],[12.134,43.293],[12.127,43.308],[12.134,43.316],[12.135,43.341],[12.119,43.364],[12.101,43.373],[12.089,43.366],[12.073,43.37],[12.077,43.402],[12.052,43.398],[12.034,43.4],[12.025,43.416],[12.057,43.438],[12.08,43.434],[12.097,43.446],[12.105,43.461],[12.143,43.47],[12.145,43.48],[12.091,43.503],[12.095,43.522],[12.103,43.53],[12.143,43.534],[12.153,43.529],[12.163,43.561],[12.19,43.587],[12.196,43.599],[12.214,43.611],[12.225,43.594],[12.261,43.589],[12.272,43.594],[12.306,43.589],[12.311,43.599],[12.334,43.61],[12.345,43.608],[12.357,43.617],[12.371,43.611],[12.362,43.595],[12.371,43.586],[12.367,43.577],[12.341,43.553],[12.32,43.553],[12.313,43.543],[12.333,43.524],[12.35,43.522],[12.365,43.533],[12.386,43.52],[12.388,43.51],[12.4,43.51],[12.417,43.534],[12.438,43.538],[12.459,43.516],[12.474,43.519],[12.483,43.528],[12.518,43.508],[12.524,43.496],[12.563,43.461],[12.584,43.446],[12.605,43.438],[12.622,43.425],[12.663,43.437],[12.687,43.429],[12.709,43.426],[12.715,43.446],[12.735,43.464],[12.767,43.46],[12.776,43.451],[12.767,43.446],[12.766,43.426],[12.781,43.415],[12.772,43.401],[12.751,43.395],[12.75,43.381],[12.759,43.364],[12.794,43.334],[12.802,43.305],[12.8,43.291],[12.789,43.283],[12.804,43.271],[12.823,43.267],[12.826,43.248],[12.837,43.218],[12.851,43.21],[12.862,43.211],[12.868,43.195],[12.863,43.167],[12.851,43.153],[12.834,43.148],[12.843,43.122],[12.875,43.123],[12.883,43.117],[12.885,43.1],[12.897,43.093],[12.89,43.059],[12.892,43.048],[12.907,43.035],[12.89,43.007],[12.908,42.985],[12.896,42.965],[12.926,42.955],[12.948,42.941],[12.949,42.93],[12.977,42.926],[12.969,42.904],[12.976,42.87],[12.99,42.872],[13.0,42.891],[13.001,42.909],[13.025,42.903],[13.055,42.919],[13.081,42.9],[13.112,42.889],[13.122,42.874],[13.14,42.855],[13.154,42.835],[13.188,42.835],[13.211,42.841],[13.232,42.856],[13.235,42.868],[13.248,42.849],[13.255,42.823],[13.264,42.808],[13.251,42.789],[13.246,42.768],[13.216,42.771],[13.195,42.762],[13.199,42.748],[13.189,42.734],[13.189,42.708],[13.173,42.687],[13.179,42.683],[13.174,42.665],[13.147,42.647],[13.131,42.658],[13.117,42.657],[13.11,42.642],[13.059,42.623],[13.038,42.627],[13.023,42.639],[13.004,42.615],[12.953,42.619],[12.937,42.615],[12.93,42.603],[12.896,42.616],[12.881,42.609],[12.88,42.602],[12.893,42.579],[12.893,42.563],[12.872,42.561],[12.844,42.549],[12.818,42.533],[12.805,42.536],[12.773,42.531],[12.774,42.513],[12.728,42.509],[12.711,42.501],[12.717,42.49],[12.742,42.471],[12.725,42.46],[12.711,42.463],[12.691,42.449],[12.666,42.441],[12.65,42.443],[12.636,42.469],[12.614,42.464],[12.62,42.452],[12.611,42.428],[12.615,42.414],[12.606,42.404],[12.575,42.388],[12.552,42.382],[12.53,42.364],[12.519,42.368],[12.511,42.404],[12.489,42.398],[12.481,42.404],[12.466,42.396],[12.445,42.399],[12.459,42.407],[12.468,42.422],[12.464,42.428],[12.422,42.422],[12.413,42.453],[12.43,42.459],[12.413,42.467],[12.414,42.479],[12.428,42.487],[12.402,42.499],[12.39,42.498],[12.385,42.489],[12.351,42.474],[12.339,42.488],[12.325,42.495],[12.316,42.488],[12.3,42.488],[12.307,42.497],[12.29,42.509],[12.279,42.507],[12.284,42.518],[12.267,42.537],[12.279,42.542],[12.275,42.56],[12.262,42.561],[12.242,42.569],[12.236,42.583],[12.246,42.601],[12.229,42.61],[12.243,42.628],[12.226,42.636],[12.227,42.643],[12.197,42.664],[12.161,42.677],[12.141,42.656],[12.132,42.662],[12.124,42.649],[12.107,42.665],[12.095,42.655],[12.03,42.65],[11.978,42.676],[11.941,42.684],[11.949,42.696],[11.926,42.705],[11.945,42.725],[11.961,42.728],[11.978,42.751],[11.979,42.765],[11.925,42.784],[11.908,42.817],[11.904,42.832],[11.895,42.835]]]}},{"type":"Feature","properties":{"name":"Lazio"},"geometry":{"type":"MultiPolygon","coordinates":[[[[11.895,42.835],[11.904,42.832],[11.908,42.817],[11.925,42.784],[11.979,42.765],[11.978,42.751],[11.961,42.728],[11.945,42.725],[11.926,42.705],[11.949,42.696],[11.941,42.684],[11.978,42.676],[12.03,42.65],[12.095,42.655],[12.107,42.665],[12.124,42.649],[12.132,42.662],[12.141,42.656],[12.161,42.677],[12.197,42.664],[12.227,42.643],[12.226,42.636],[12.243,42.628],[12.229,42.61],[12.246,42.601],[12.236,42.583],[12.242,42.569],[12.262,42.561],[12.275,42.56],[12.279,42.542],[12.267,42.537],[12.284,42.518],[12.279,42.507],[12.29,42.509],[12.307,42.497],[12.3,42.488],[12.316,42.488],[12.325,42.495],[12.339,42.488],[12.351,42.474],[12.385,42.489],[12.39,42.498],[12.402,42.499],[12.428,42.487],[12.414,42.479],[12.413,42.467],[12.43,42.459],[12.413,42.453],[12.422,42.422],[12.464,42.428],[12.468,42.422],[12.459,42.407],[12.445,42.399],[12.466,42.396],[12.481,42.404],[12.489,42.398],[12.511,42.404],[12.519,42.368],[12.53,42.364],[12.552,42.382],[12.575,42.388],[12.606,42.404],[12.615,42.414],[12.611,42.428],[12.62,42.452],[12.614,42.464],[12.636,42.469],[12.65,42.443],[12.666,42.441],[12.691,42.449],[12.711,42.463],[12.725,42.46],[12.742,42.471],[12.717,42.49],[12.711,42.501],[12.728,42.509],[12.774,42.513],[12.773,42.531],[12.805,42.536],[12.818,42.533],[12.844,42.549],[12.872,42.561],[12.893,42.563],[12.893,42.579],[12.88,42.602],[12.881,42.609],[12.896,42.616],[12.93,42.603],[12.937,42.615],[12.953,42.619],[13.004,42.615],[13.023,42.639],[13.038,42.627],[13.059,42.623],[13.11,42.642],[13.117,42.657],[13.131,42.658],[13.147,42.647],[13.174,42.665],[13.179,42.683],[13.173,42.687],[13.189,42.708],[13.189,42.734],[13.239,42.726],[13.254,42.722],[13.265,42.74],[13.288,42.739],[13.297,42.73],[13.318,42.723],[13.342,42.701],[13.358,42.694],[13.349,42.669],[13.373,42.649],[13.408,42.643],[13.405,42.628],[13.395,42.622],[13.389,42.602],[13.394,42.591],[13.382,42.581],[13.345,42.576],[13.322,42.579],[13.291,42.571],[13.278,42.583],[13.253,42.581],[13.246,42.573],[13.219,42.582],[13.191,42.588],[13.192,42.578],[13.174,42.568],[13.176,42.553],[13.167,42.54],[13.156,42.54],[13.167,42.516],[13.178,42.513],[13.171,42.485],[13.178,42.479],[13.154,42.462],[13.14,42.463],[13.116,42.444],[13.143,42.428],[13.155,42.414],[13.189,42.4],[13.189,42.381],[13.153,42.357],[13.172,42.349],[13.191,42.332],[13.226,42.319],[13.228,42.291],[13.243,42.27],[13.27,42.255],[13.276,42.242],[13.297,42.231],[13.321,42.229],[13.336,42.222],[13.332,42.208],[13.352,42.191],[13.374,42.187],[13.38,42.18],[13.347,42.176],[13.355,42.167],[13.333,42.166],[13.323,42.161],[13.305,42.138],[13.285,42.134],[13.27,42.138],[13.249,42.127],[13.237,42.129],[13.223,42.143],[13.206,42.148],[13.195,42.158],[13.168,42.153],[13.12,42.177],[13.087,42.178],[13.093,42.161],[13.086,42.144],[13.057,42.123],[13.039,42.117],[13.031,42.122],[13.032,42.106],[13.019,42.079],[13.027,42.05],[13.046,42.035],[13.055,42.016],[13.078,42.009],[13.101,42.008],[13.096,42.02],[13.102,42.027],[13.147,42.012],[13.17,41.998],[13.202,41.986],[13.227,41.984],[13.239,41.973],[13.262,41.968],[13.286,41.95],[13.298,41.954],[13.321,41.946],[13.339,41.926],[13.357,41.926],[13.378,41.912],[13.383,41.901],[13.359,41.869],[13.367,41.864],[13.367,41.833],[13.38,41.817],[13.391,41.819],[13.396,41.834],[13.407,41.837],[13.452,41.823],[13.465,41.809],[13.506,41.801],[13.52,41.773],[13.545,41.762],[13.576,41.755],[13.586,41.766],[13.631,41.783],[13.643,41.793],[13.638,41.804],[13.661,41.811],[13.681,41.804],[13.693,41.792],[13.707,41.788],[13.716,41.797],[13.73,41.799],[13.732,41.787],[13.749,41.774],[13.749,41.761],[13.767,41.749],[13.79,41.743],[13.815,41.753],[13.823,41.741],[13.845,41.738],[13.856,41.731],[13.879,41.729],[13.892,41.735],[13.904,41.718],[13.92,41.717],[13.933,41.693],[13.941,41.688],[13.968,41.673],[13.987,41.656],[13.997,41.624],[14.011,41.608],[14.01,41.593],[13.998,41.579],[14.004,41.566],[14.024,41.561],[14.021,41.542],[14.006,41.539],[14.028,41.524],[14.011,41.515],[13.995,41.513],[13.973,41.494],[13.993,41.482],[13.978,41.462],[13.961,41.464],[13.928,41.438],[13.904,41.426],[13.877,41.426],[13.861,41.417],[13.864,41.409],[13.885,41.4],[13.876,41.394],[13.884,41.383],[13.871,41.365],[13.877,41.345],[13.874,41.336],[13.895,41.312],[13.882,41.291],[13.851,41.29],[13.828,41.281],[13.829,41.27],[13.84,41.262],[13.815,41.245],[13.772,41.242],[13.762,41.223],[13.722,41.247],[13.707,41.253],[13.684,41.244],[13.651,41.257],[13.62,41.26],[13.585,41.247],[13.57,41.233],[13.571,41.218],[13.589,41.21],[13.57,41.204],[13.56,41.211],[13.546,41.209],[13.529,41.22],[13.51,41.221],[13.485,41.238],[13.472,41.237],[13.446,41.252],[13.408,41.269],[13.355,41.287],[13.318,41.294],[13.281,41.297],[13.266,41.294],[13.258,41.283],[13.206,41.283],[13.172,41.275],[13.146,41.264],[13.107,41.242],[13.094,41.225],[13.073,41.223],[13.046,41.227],[13.034,41.241],[13.029,41.265],[12.999,41.314],[12.97,41.346],[12.948,41.364],[12.901,41.392],[12.868,41.407],[12.836,41.415],[12.807,41.414],[12.782,41.418],[12.764,41.41],[12.713,41.441],[12.695,41.45],[12.664,41.457],[12.641,41.453],[12.631,41.444],[12.618,41.446],[12.615,41.457],[12.569,41.515],[12.542,41.546],[12.485,41.6],[12.44,41.638],[12.409,41.66],[12.365,41.689],[12.321,41.711],[12.282,41.727],[12.222,41.744],[12.228,41.755],[12.22,41.768],[12.224,41.781],[12.199,41.838],[12.163,41.892],[12.141,41.915],[12.121,41.928],[12.09,41.937],[12.075,41.948],[12.052,41.956],[12.025,41.982],[12.007,41.991],[11.979,41.997],[11.964,42.014],[11.913,42.04],[11.878,42.038],[11.836,42.029],[11.82,42.05],[11.798,42.086],[11.788,42.089],[11.76,42.115],[11.734,42.158],[11.74,42.169],[11.721,42.189],[11.694,42.236],[11.68,42.247],[11.665,42.268],[11.632,42.295],[11.598,42.313],[11.562,42.335],[11.493,42.364],[11.45,42.378],[11.451,42.395],[11.477,42.414],[11.481,42.434],[11.489,42.439],[11.518,42.434],[11.544,42.442],[11.555,42.439],[11.618,42.436],[11.616,42.489],[11.593,42.495],[11.581,42.509],[11.561,42.517],[11.57,42.534],[11.586,42.542],[11.579,42.566],[11.589,42.571],[11.605,42.568],[11.614,42.557],[11.625,42.569],[11.644,42.567],[11.658,42.577],[11.668,42.576],[11.686,42.585],[11.68,42.595],[11.7,42.601],[11.71,42.61],[11.736,42.607],[11.752,42.626],[11.75,42.64],[11.781,42.635],[11.805,42.644],[11.809,42.659],[11.8,42.668],[11.786,42.671],[11.781,42.707],[11.802,42.707],[11.809,42.731],[11.819,42.743],[11.809,42.753],[11.779,42.758],[11.765,42.779],[11.746,42.786],[11.753,42.802],[11.776,42.821],[11.803,42.801],[11.811,42.8],[11.814,42.823],[11.833,42.827],[11.847,42.838],[11.895,42.835]],[[12.656,41.734],[12.66,41.735],[12.648,41.747],[12.656,41.734]],[[12.45,41.907],[12.448,41.901],[12.456,41.9],[12.45,41.907]]],[[[12.969,40.922],[12.96,40.898],[12.969,40.894],[12.954,40.878],[12.948,40.887],[12.955,40.893],[12.943,40.897],[12.949,40.92],[12.984,40.936],[12.99,40.929],[12.969,40.922]]]]}},{"type":"Feature","properties":{"name":"Campania"},"geometry":{"type":"MultiPolygon","coordinates":[[[[15.008,41.486],[15.023,41.477],[15.03,41.455],[15.076,41.433],[15.098,41.434],[15.103,41.421],[15.092,41.418],[15.087,41.404],[15.098,41.391],[15.08,41.388],[15.058,41.372],[15.072,41.332],[15.1,41.328],[15.113,41.319],[15.131,41.317],[15.127,41.303],[15.136,41.298],[15.138,41.286],[15.15,41.283],[15.201,41.286],[15.22,41.265],[15.236,41.272],[15.254,41.268],[15.28,41.241],[15.246,41.236],[15.245,41.227],[15.262,41.198],[15.224,41.182],[15.21,41.164],[15.211,41.149],[15.236,41.14],[15.264,41.113],[15.262,41.108],[15.298,41.094],[15.314,41.104],[15.349,41.095],[15.366,41.085],[15.401,41.106],[15.412,41.097],[15.426,41.095],[15.446,41.078],[15.478,41.079],[15.49,41.07],[15.543,41.056],[15.553,41.038],[15.563,41.031],[15.56,41.018],[15.57,40.994],[15.567,40.969],[15.544,40.948],[15.535,40.92],[15.527,40.908],[15.468,40.89],[15.473,40.875],[15.461,40.867],[15.445,40.877],[15.409,40.88],[15.384,40.876],[15.373,40.886],[15.354,40.883],[15.357,40.87],[15.378,40.868],[15.374,40.86],[15.378,40.841],[15.335,40.835],[15.357,40.824],[15.366,40.812],[15.381,40.811],[15.366,40.8],[15.388,40.793],[15.381,40.782],[15.391,40.767],[15.379,40.751],[15.381,40.724],[15.41,40.713],[15.43,40.692],[15.443,40.689],[15.469,40.674],[15.487,40.673],[15.504,40.663],[15.489,40.646],[15.468,40.639],[15.465,40.628],[15.449,40.609],[15.464,40.604],[15.472,40.594],[15.491,40.587],[15.51,40.586],[15.52,40.57],[15.539,40.568],[15.529,40.556],[15.542,40.532],[15.535,40.522],[15.55,40.509],[15.535,40.5],[15.539,40.488],[15.576,40.47],[15.59,40.448],[15.587,40.444],[15.648,40.414],[15.663,40.392],[15.671,40.398],[15.701,40.384],[15.71,40.376],[15.704,40.364],[15.705,40.344],[15.726,40.322],[15.727,40.315],[15.749,40.299],[15.79,40.29],[15.806,40.272],[15.8,40.27],[15.804,40.251],[15.791,40.244],[15.791,40.218],[15.773,40.217],[15.751,40.202],[15.734,40.202],[15.728,40.186],[15.713,40.178],[15.715,40.168],[15.702,40.161],[15.709,40.136],[15.706,40.118],[15.677,40.084],[15.652,40.078],[15.669,40.073],[15.676,40.055],[15.645,40.043],[15.626,40.059],[15.632,40.068],[15.575,40.078],[15.532,40.074],[15.505,40.065],[15.481,40.039],[15.464,40.035],[15.432,40.006],[15.425,39.994],[15.369,39.998],[15.343,40.005],[15.315,40.032],[15.272,40.022],[15.268,40.031],[15.285,40.036],[15.282,40.055],[15.264,40.082],[15.23,40.101],[15.204,40.124],[15.178,40.128],[15.15,40.157],[15.133,40.171],[15.117,40.177],[15.085,40.173],[15.066,40.165],[15.035,40.172],[15.025,40.179],[15.012,40.202],[14.991,40.219],[14.969,40.222],[14.953,40.233],[14.935,40.229],[14.91,40.244],[14.905,40.253],[14.943,40.275],[14.947,40.298],[14.939,40.319],[14.946,40.337],[14.968,40.34],[14.979,40.352],[14.999,40.359],[15.001,40.38],[14.994,40.402],[14.978,40.431],[14.941,40.483],[14.917,40.529],[14.898,40.561],[14.883,40.58],[14.846,40.62],[14.809,40.652],[14.788,40.666],[14.759,40.677],[14.718,40.666],[14.693,40.635],[14.682,40.633],[14.634,40.649],[14.619,40.645],[14.577,40.618],[14.539,40.613],[14.528,40.607],[14.511,40.62],[14.486,40.627],[14.466,40.619],[14.456,40.62],[14.419,40.61],[14.407,40.599],[14.347,40.58],[14.323,40.57],[14.323,40.59],[14.33,40.606],[14.341,40.618],[14.339,40.626],[14.354,40.633],[14.365,40.628],[14.4,40.638],[14.408,40.652],[14.404,40.656],[14.431,40.666],[14.439,40.682],[14.464,40.693],[14.473,40.692],[14.482,40.703],[14.471,40.729],[14.449,40.753],[14.409,40.754],[14.354,40.792],[14.332,40.814],[14.308,40.83],[14.277,40.842],[14.265,40.844],[14.247,40.829],[14.227,40.831],[14.214,40.82],[14.207,40.802],[14.19,40.794],[14.172,40.799],[14.159,40.817],[14.125,40.82],[14.109,40.831],[14.089,40.831],[14.072,40.818],[14.082,40.812],[14.088,40.794],[14.078,40.79],[14.083,40.786],[14.048,40.79],[14.041,40.795],[14.048,40.836],[14.042,40.872],[14.025,40.913],[14.007,40.942],[13.985,40.968],[13.955,40.998],[13.922,41.026],[13.916,41.046],[13.902,41.076],[13.886,41.101],[13.847,41.147],[13.832,41.167],[13.814,41.184],[13.762,41.223],[13.772,41.242],[13.815,41.245],[13.84,41.262],[13.829,41.27],[13.828,41.281],[13.851,41.29],[13.882,41.291],[13.895,41.312],[13.874,41.336],[13.877,41.345],[13.871,41.365],[13.884,41.383],[13.876,41.394],[13.885,41.4],[13.864,41.409],[13.861,41.417],[13.877,41.426],[13.904,41.426],[13.928,41.438],[13.961,41.464],[13.978,41.462],[14.006,41.453],[14.009,41.446],[14.001,41.431],[14.027,41.417],[14.042,41.393],[14.082,41.4],[14.111,41.386],[14.104,41.406],[14.107,41.418],[14.08,41.444],[14.087,41.46],[14.082,41.465],[14.112,41.489],[14.125,41.507],[14.152,41.483],[14.165,41.479],[14.172,41.499],[14.191,41.496],[14.205,41.5],[14.241,41.497],[14.247,41.486],[14.279,41.486],[14.292,41.476],[14.284,41.472],[14.308,41.465],[14.327,41.453],[14.342,41.454],[14.401,41.437],[14.413,41.441],[14.431,41.429],[14.455,41.428],[14.477,41.419],[14.489,41.391],[14.508,41.382],[14.522,41.385],[14.551,41.379],[14.566,41.392],[14.585,41.382],[14.592,41.369],[14.603,41.364],[14.615,41.368],[14.634,41.387],[14.65,41.397],[14.661,41.393],[14.666,41.407],[14.7,41.411],[14.717,41.401],[14.748,41.408],[14.765,41.417],[14.775,41.446],[14.789,41.453],[14.843,41.427],[14.868,41.428],[14.885,41.445],[14.908,41.451],[14.946,41.456],[14.964,41.466],[14.982,41.469],[14.99,41.48],[15.008,41.486]]],[[[14.197,40.536],[14.198,40.559],[14.212,40.562],[14.242,40.556],[14.26,40.561],[14.266,40.557],[14.253,40.543],[14.197,40.536]]],[[[13.954,40.701],[13.937,40.706],[13.924,40.698],[13.905,40.702],[13.894,40.696],[13.873,40.698],[13.853,40.71],[13.861,40.72],[13.855,40.737],[13.865,40.743],[13.862,40.757],[13.884,40.759],[13.908,40.749],[13.924,40.751],[13.955,40.74],[13.965,40.712],[13.954,40.701]]]]}},{"type":"Feature","properties":{"name":"Abruzzo"},"geometry":{"type":"Polygon","coordinates":[[[13.941,41.688],[13.933,41.693],[13.92,41.717],[13.904,41.718],[13.892,41.735],[13.879,41.729],[13.856,41.731],[13.845,41.738],[13.823,41.741],[13.815,41.753],[13.79,41.743],[13.767,41.749],[13.749,41.761],[13.749,41.774],[13.732,41.787],[13.73,41.799],[13.716,41.797],[13.707,41.788],[13.693,41.792],[13.681,41.804],[13.661,41.811],[13.638,41.804],[13.643,41.793],[13.631,41.783],[13.586,41.766],[13.576,41.755],[13.545,41.762],[13.52,41.773],[13.506,41.801],[13.465,41.809],[13.452,41.823],[13.407,41.837],[13.396,41.834],[13.391,41.819],[13.38,41.817],[13.367,41.833],[13.367,41.864],[13.359,41.869],[13.383,41.901],[13.378,41.912],[13.357,41.926],[13.339,41.926],[13.321,41.946],[13.298,41.954],[13.286,41.95],[13.262,41.968],[13.239,41.973],[13.227,41.984],[13.202,41.986],[13.17,41.998],[13.147,42.012],[13.102,42.027],[13.096,42.02],[13.101,42.008],[13.078,42.009],[13.055,42.016],[13.046,42.035],[13.027,42.05],[13.019,42.079],[13.032,42.106],[13.031,42.122],[13.039,42.117],[13.057,42.123],[13.086,42.144],[13.093,42.161],[13.087,42.178],[13.12,42.177],[13.168,42.153],[13.195,42.158],[13.206,42.148],[13.223,42.143],[13.237,42.129],[13.249,42.127],[13.27,42.138],[13.285,42.134],[13.305,42.138],[13.323,42.161],[13.333,42.166],[13.355,42.167],[13.347,42.176],[13.38,42.18],[13.374,42.187],[13.352,42.191],[13.332,42.208],[13.336,42.222],[13.321,42.229],[13.297,42.231],[13.276,42.242],[13.27,42.255],[13.243,42.27],[13.228,42.291],[13.226,42.319],[13.191,42.332],[13.172,42.349],[13.153,42.357],[13.189,42.381],[13.189,42.4],[13.155,42.414],[13.143,42.428],[13.116,42.444],[13.14,42.463],[13.154,42.462],[13.178,42.479],[13.171,42.485],[13.178,42.513],[13.167,42.516],[13.156,42.54],[13.167,42.54],[13.176,42.553],[13.174,42.568],[13.192,42.578],[13.191,42.588],[13.219,42.582],[13.246,42.573],[13.253,42.581],[13.278,42.583],[13.291,42.571],[13.322,42.579],[13.345,42.576],[13.382,42.581],[13.394,42.591],[13.389,42.602],[13.395,42.622],[13.405,42.628],[13.408,42.643],[13.373,42.649],[13.349,42.669],[13.358,42.694],[13.398,42.689],[13.427,42.706],[13.44,42.702],[13.438,42.718],[13.452,42.734],[13.482,42.732],[13.493,42.737],[13.504,42.75],[13.502,42.771],[13.519,42.791],[13.53,42.796],[13.535,42.817],[13.546,42.816],[13.553,42.806],[13.575,42.801],[13.6,42.806],[13.621,42.816],[13.641,42.803],[13.664,42.807],[13.699,42.823],[13.711,42.843],[13.707,42.849],[13.727,42.856],[13.778,42.86],[13.799,42.867],[13.816,42.878],[13.857,42.885],[13.881,42.892],[13.916,42.895],[13.93,42.844],[13.951,42.79],[13.977,42.747],[13.993,42.713],[14.026,42.668],[14.04,42.653],[14.063,42.617],[14.109,42.563],[14.131,42.543],[14.154,42.526],[14.189,42.492],[14.229,42.466],[14.261,42.44],[14.316,42.408],[14.373,42.379],[14.394,42.371],[14.412,42.357],[14.425,42.327],[14.441,42.312],[14.5,42.274],[14.508,42.253],[14.563,42.224],[14.609,42.204],[14.696,42.176],[14.716,42.173],[14.717,42.149],[14.723,42.124],[14.718,42.108],[14.724,42.099],[14.752,42.081],[14.779,42.07],[14.762,42.045],[14.782,42.035],[14.766,42.018],[14.727,42.003],[14.666,41.941],[14.664,41.916],[14.642,41.9],[14.614,41.889],[14.599,41.864],[14.599,41.853],[14.584,41.841],[14.568,41.818],[14.554,41.817],[14.533,41.798],[14.53,41.788],[14.499,41.772],[14.485,41.76],[14.455,41.765],[14.464,41.777],[14.455,41.796],[14.446,41.838],[14.434,41.842],[14.421,41.855],[14.397,41.87],[14.379,41.866],[14.377,41.88],[14.361,41.874],[14.359,41.861],[14.343,41.869],[14.324,41.896],[14.303,41.894],[14.284,41.911],[14.255,41.892],[14.245,41.882],[14.225,41.874],[14.213,41.854],[14.197,41.843],[14.178,41.845],[14.156,41.837],[14.147,41.827],[14.165,41.807],[14.171,41.78],[14.201,41.768],[14.194,41.749],[14.179,41.749],[14.17,41.765],[14.162,41.75],[14.152,41.746],[14.121,41.745],[14.115,41.735],[14.123,41.727],[14.107,41.707],[14.094,41.738],[14.07,41.737],[14.053,41.719],[14.053,41.702],[14.032,41.702],[14.019,41.682],[13.995,41.693],[13.956,41.696],[13.941,41.688]]]}},{"type":"Feature","properties":{"name":"Molise"},"geometry":{"type":"Polygon","coordinates":[[[13.978,41.462],[13.993,41.482],[13.973,41.494],[13.995,41.513],[14.011,41.515],[14.028,41.524],[14.006,41.539],[14.021,41.542],[14.024,41.561],[14.004,41.566],[13.998,41.579],[14.01,41.593],[14.011,41.608],[13.997,41.624],[13.987,41.656],[13.968,41.673],[13.941,41.688],[13.956,41.696],[13.995,41.693],[14.019,41.682],[14.032,41.702],[14.053,41.702],[14.053,41.719],[14.07,41.737],[14.094,41.738],[14.107,41.707],[14.123,41.727],[14.115,41.735],[14.121,41.745],[14.152,41.746],[14.162,41.75],[14.17,41.765],[14.179,41.749],[14.194,41.749],[14.201,41.768],[14.171,41.78],[14.165,41.807],[14.147,41.827],[14.156,41.837],[14.178,41.845],[14.197,41.843],[14.213,41.854],[14.225,41.874],[14.245,41.882],[14.255,41.892],[14.284,41.911],[14.303,41.894],[14.324,41.896],[14.343,41.869],[14.359,41.861],[14.361,41.874],[14.377,41.88],[14.379,41.866],[14.397,41.87],[14.421,41.855],[14.434,41.842],[14.446,41.838],[14.455,41.796],[14.464,41.777],[14.455,41.765],[14.485,41.76],[14.499,41.772],[14.53,41.788],[14.533,41.798],[14.554,41.817],[14.568,41.818],[14.584,41.841],[14.599,41.853],[14.599,41.864],[14.614,41.889],[14.642,41.9],[14.664,41.916],[14.666,41.941],[14.727,42.003],[14.766,42.018],[14.782,42.035],[14.762,42.045],[14.779,42.07],[14.794,42.066],[14.828,42.047],[14.889,42.024],[14.955,42.011],[14.999,42.006],[15.004,41.992],[15.022,41.984],[15.054,41.964],[15.077,41.944],[15.091,41.938],[15.138,41.927],[15.132,41.903],[15.141,41.879],[15.13,41.874],[15.115,41.851],[15.106,41.85],[15.1,41.834],[15.116,41.815],[15.115,41.789],[15.102,41.782],[15.099,41.765],[15.115,41.751],[15.103,41.741],[15.121,41.721],[15.146,41.712],[15.162,41.71],[15.118,41.694],[15.106,41.686],[15.105,41.676],[15.069,41.661],[15.048,41.656],[15.045,41.637],[15.025,41.634],[15.026,41.623],[15.006,41.623],[14.989,41.638],[14.955,41.642],[14.937,41.623],[14.947,41.608],[14.95,41.592],[14.946,41.563],[14.936,41.542],[14.937,41.528],[14.945,41.522],[14.966,41.519],[14.979,41.506],[15.008,41.486],[14.99,41.48],[14.982,41.469],[14.964,41.466],[14.946,41.456],[14.908,41.451],[14.885,41.445],[14.868,41.428],[14.843,41.427],[14.789,41.453],[14.775,41.446],[14.765,41.417],[14.748,41.408],[14.717,41.401],[14.7,41.411],[14.666,41.407],[14.661,41.393],[14.65,41.397],[14.634,41.387],[14.615,41.368],[14.603,41.364],[14.592,41.369],[14.585,41.382],[14.566,41.392],[14.551,41.379],[14.522,41.385],[14.508,41.382],[14.489,41.391],[14.477,41.419],[14.455,41.428],[14.431,41.429],[14.413,41.441],[14.401,41.437],[14.342,41.454],[14.327,41.453],[14.308,41.465],[14.284,41.472],[14.292,41.476],[14.279,41.486],[14.247,41.486],[14.241,41.497],[14.205,41.5],[14.191,41.496],[14.172,41.499],[14.165,41.479],[14.152,41.483],[14.125,41.507],[14.112,41.489],[14.082,41.465],[14.087,41.46],[14.08,41.444],[14.107,41.418],[14.104,41.406],[14.111,41.386],[14.082,41.4],[14.042,41.393],[14.027,41.417],[14.001,41.431],[14.009,41.446],[14.006,41.453],[13.978,41.462]]]}},{"type":"Feature","properties":{"name":"Puglia"},"geometry":{"type":"Polygon","coordinates":[[[15.008,41.486],[14.979,41.506],[14.966,41.519],[14.945,41.522],[14.937,41.528],[14.936,41.542],[14.946,41.563],[14.95,41.592],[14.947,41.608],[14.937,41.623],[14.955,41.642],[14.989,41.638],[15.006,41.623],[15.026,41.623],[15.025,41.634],[15.045,41.637],[15.048,41.656],[15.069,41.661],[15.105,41.676],[15.106,41.686],[15.118,41.694],[15.162,41.71],[15.146,41.712],[15.121,41.721],[15.103,41.741],[15.115,41.751],[15.099,41.765],[15.102,41.782],[15.115,41.789],[15.116,41.815],[15.1,41.834],[15.106,41.85],[15.115,41.851],[15.13,41.874],[15.141,41.879],[15.132,41.903],[15.138,41.927],[15.168,41.922],[15.212,41.919],[15.293,41.92],[15.341,41.917],[15.356,41.905],[15.374,41.902],[15.416,41.901],[15.502,41.909],[15.613,41.926],[15.62,41.929],[15.666,41.921],[15.683,41.914],[15.738,41.916],[15.8,41.92],[15.898,41.93],[15.98,41.942],[16.01,41.95],[16.024,41.946],[16.059,41.948],[16.09,41.939],[16.118,41.917],[16.141,41.914],[16.161,41.892],[16.185,41.884],[16.178,41.88],[16.177,41.855],[16.197,41.822],[16.195,41.796],[16.19,41.777],[16.168,41.766],[16.162,41.754],[16.144,41.743],[16.105,41.73],[16.088,41.714],[16.073,41.711],[16.065,41.696],[16.039,41.68],[15.946,41.643],[15.907,41.621],[15.897,41.604],[15.894,41.576],[15.904,41.535],[15.919,41.504],[15.933,41.484],[15.962,41.458],[15.996,41.438],[16.05,41.418],[16.13,41.386],[16.135,41.388],[16.171,41.369],[16.213,41.357],[16.243,41.337],[16.277,41.324],[16.359,41.305],[16.401,41.285],[16.419,41.283],[16.448,41.262],[16.531,41.239],[16.542,41.23],[16.56,41.225],[16.584,41.212],[16.633,41.193],[16.675,41.189],[16.682,41.182],[16.763,41.161],[16.779,41.16],[16.793,41.148],[16.811,41.14],[16.835,41.137],[16.845,41.14],[16.852,41.13],[16.865,41.13],[16.873,41.14],[16.873,41.126],[16.891,41.119],[16.927,41.112],[16.96,41.097],[17.058,41.076],[17.091,41.063],[17.146,41.036],[17.176,41.029],[17.206,41.001],[17.238,40.992],[17.302,40.958],[17.306,40.951],[17.328,40.935],[17.352,40.905],[17.383,40.895],[17.422,40.866],[17.47,40.84],[17.473,40.832],[17.515,40.814],[17.601,40.787],[17.677,40.769],[17.709,40.758],[17.748,40.733],[17.775,40.721],[17.799,40.715],[17.799,40.71],[17.843,40.69],[17.926,40.679],[17.942,40.682],[17.954,40.664],[17.976,40.663],[17.944,40.643],[17.969,40.649],[17.986,40.644],[17.999,40.649],[18.017,40.64],[18.021,40.618],[18.045,40.598],[18.035,40.569],[18.055,40.549],[18.074,40.539],[18.08,40.526],[18.109,40.51],[18.127,40.493],[18.166,40.481],[18.186,40.469],[18.203,40.467],[18.249,40.438],[18.279,40.407],[18.301,40.395],[18.315,40.375],[18.351,40.352],[18.389,40.313],[18.425,40.291],[18.43,40.273],[18.441,40.269],[18.445,40.255],[18.465,40.222],[18.458,40.212],[18.464,40.193],[18.478,40.18],[18.49,40.147],[18.506,40.144],[18.514,40.133],[18.507,40.125],[18.52,40.107],[18.483,40.077],[18.474,40.044],[18.436,40.025],[18.432,40.001],[18.417,39.994],[18.403,39.96],[18.39,39.908],[18.397,39.896],[18.398,39.871],[18.385,39.841],[18.391,39.817],[18.369,39.794],[18.36,39.797],[18.346,39.791],[18.334,39.796],[18.326,39.807],[18.315,39.808],[18.301,39.819],[18.266,39.836],[18.238,39.835],[18.203,39.839],[18.148,39.863],[18.12,39.885],[18.088,39.899],[18.063,39.922],[18.05,39.928],[18.03,39.949],[18.024,39.964],[18.015,39.968],[17.995,39.994],[18.006,39.996],[18.017,40.007],[18.019,40.027],[18.004,40.048],[17.979,40.056],[18.001,40.067],[18.011,40.086],[18.01,40.109],[17.986,40.14],[17.961,40.152],[17.938,40.171],[17.918,40.194],[17.925,40.224],[17.908,40.242],[17.901,40.258],[17.891,40.26],[17.879,40.272],[17.853,40.286],[17.839,40.282],[17.817,40.289],[17.761,40.298],[17.694,40.304],[17.657,40.304],[17.51,40.295],[17.495,40.31],[17.458,40.317],[17.443,40.33],[17.396,40.332],[17.375,40.348],[17.349,40.355],[17.34,40.362],[17.324,40.362],[17.296,40.379],[17.279,40.38],[17.276,40.386],[17.235,40.401],[17.223,40.409],[17.206,40.409],[17.212,40.423],[17.23,40.424],[17.25,40.443],[17.249,40.459],[17.227,40.48],[17.192,40.477],[17.182,40.482],[17.163,40.506],[17.147,40.495],[17.146,40.51],[17.13,40.517],[17.086,40.52],[17.044,40.512],[16.996,40.495],[16.946,40.468],[16.903,40.436],[16.867,40.398],[16.834,40.412],[16.81,40.433],[16.803,40.457],[16.785,40.463],[16.762,40.462],[16.754,40.47],[16.744,40.465],[16.72,40.481],[16.737,40.505],[16.717,40.524],[16.722,40.534],[16.706,40.55],[16.716,40.587],[16.712,40.593],[16.728,40.601],[16.714,40.614],[16.71,40.63],[16.727,40.688],[16.709,40.693],[16.697,40.702],[16.725,40.714],[16.673,40.738],[16.663,40.749],[16.662,40.737],[16.653,40.736],[16.639,40.751],[16.607,40.755],[16.594,40.753],[16.586,40.763],[16.567,40.753],[16.578,40.742],[16.568,40.737],[16.553,40.758],[16.538,40.753],[16.531,40.745],[16.544,40.726],[16.524,40.735],[16.523,40.746],[16.501,40.762],[16.482,40.739],[16.43,40.704],[16.414,40.702],[16.4,40.707],[16.38,40.736],[16.347,40.752],[16.316,40.783],[16.284,40.799],[16.242,40.84],[16.231,40.857],[16.227,40.88],[16.214,40.905],[16.202,40.918],[16.163,40.929],[16.138,40.918],[16.135,40.908],[16.121,40.898],[16.092,40.921],[16.062,40.929],[16.026,40.944],[15.983,40.954],[15.972,40.972],[16.003,40.97],[16.031,40.998],[16.028,41.024],[16.04,41.028],[16.027,41.048],[16.009,41.057],[15.999,41.055],[15.98,41.082],[15.976,41.094],[15.954,41.093],[15.96,41.1],[15.952,41.111],[15.921,41.112],[15.901,41.126],[15.894,41.123],[15.87,41.14],[15.864,41.131],[15.855,41.133],[15.845,41.124],[15.83,41.128],[15.804,41.111],[15.799,41.092],[15.768,41.083],[15.751,41.098],[15.732,41.099],[15.72,41.09],[15.684,41.087],[15.636,41.092],[15.631,41.097],[15.586,41.098],[15.559,41.087],[15.539,41.07],[15.543,41.056],[15.49,41.07],[15.478,41.079],[15.446,41.078],[15.426,41.095],[15.412,41.097],[15.401,41.106],[15.366,41.085],[15.349,41.095],[15.314,41.104],[15.298,41.094],[15.262,41.108],[15.264,41.113],[15.236,41.14],[15.211,41.149],[15.21,41.164],[15.224,41.182],[15.262,41.198],[15.245,41.227],[15.246,41.236],[15.28,41.241],[15.254,41.268],[15.236,41.272],[15.22,41.265],[15.201,41.286],[15.15,41.283],[15.138,41.286],[15.136,41.298],[15.127,41.303],[15.131,41.317],[15.113,41.319],[15.1,41.328],[15.072,41.332],[15.058,41.372],[15.08,41.388],[15.098,41.391],[15.087,41.404],[15.092,41.418],[15.103,41.421],[15.098,41.434],[15.076,41.433],[15.03,41.455],[15.023,41.477],[15.008,41.486]],[[16.642,40.752],[16.646,40.755],[16.636,40.758],[16.642,40.752]]]}},{"type":"Feature","properties":{"name":"Basilicata"},"geometry":{"type":"Polygon","coordinates":[[[15.543,41.056],[15.539,41.07],[15.559,41.087],[15.586,41.098],[15.631,41.097],[15.636,41.092],[15.684,41.087],[15.72,41.09],[15.732,41.099],[15.751,41.098],[15.768,41.083],[15.799,41.092],[15.804,41.111],[15.83,41.128],[15.845,41.124],[15.855,41.133],[15.864,41.131],[15.87,41.14],[15.894,41.123],[15.901,41.126],[15.921,41.112],[15.952,41.111],[15.96,41.1],[15.954,41.093],[15.976,41.094],[15.98,41.082],[15.999,41.055],[16.009,41.057],[16.027,41.048],[16.04,41.028],[16.028,41.024],[16.031,40.998],[16.003,40.97],[15.972,40.972],[15.983,40.954],[16.026,40.944],[16.062,40.929],[16.092,40.921],[16.121,40.898],[16.135,40.908],[16.138,40.918],[16.163,40.929],[16.202,40.918],[16.214,40.905],[16.227,40.88],[16.231,40.857],[16.242,40.84],[16.284,40.799],[16.316,40.783],[16.347,40.752],[16.38,40.736],[16.4,40.707],[16.414,40.702],[16.43,40.704],[16.482,40.739],[16.501,40.762],[16.523,40.746],[16.524,40.735],[16.544,40.726],[16.531,40.745],[16.538,40.753],[16.553,40.758],[16.568,40.737],[16.578,40.742],[16.567,40.753],[16.586,40.763],[16.594,40.753],[16.607,40.755],[16.639,40.751],[16.653,40.736],[16.662,40.737],[16.663,40.749],[16.673,40.738],[16.725,40.714],[16.697,40.702],[16.709,40.693],[16.727,40.688],[16.71,40.63],[16.714,40.614],[16.728,40.601],[16.712,40.593],[16.716,40.587],[16.706,40.55],[16.722,40.534],[16.717,40.524],[16.737,40.505],[16.72,40.481],[16.744,40.465],[16.754,40.47],[16.762,40.462],[16.785,40.463],[16.803,40.457],[16.81,40.433],[16.834,40.412],[16.867,40.398],[16.858,40.384],[16.814,40.331],[16.787,40.303],[16.752,40.249],[16.733,40.203],[16.686,40.147],[16.644,40.119],[16.628,40.13],[16.586,40.133],[16.562,40.13],[16.53,40.118],[16.518,40.129],[16.495,40.125],[16.47,40.134],[16.431,40.133],[16.421,40.144],[16.42,40.129],[16.41,40.12],[16.415,40.104],[16.414,40.081],[16.395,40.05],[16.398,40.019],[16.389,40.001],[16.361,39.966],[16.358,39.954],[16.347,39.949],[16.34,39.933],[16.36,39.92],[16.35,39.899],[16.316,39.929],[16.305,39.934],[16.283,39.931],[16.267,39.935],[16.238,39.925],[16.221,39.928],[16.215,39.896],[16.158,39.92],[16.138,39.901],[16.128,39.906],[16.101,39.906],[16.083,39.897],[16.053,39.898],[16.042,39.911],[16.018,39.924],[16.022,39.934],[16.007,39.957],[16.023,39.978],[16.034,39.984],[16.03,39.993],[16.009,39.996],[16.002,39.988],[15.978,39.984],[15.964,39.991],[15.928,40.001],[15.898,39.982],[15.89,39.995],[15.879,39.996],[15.868,39.988],[15.848,40.006],[15.82,40.002],[15.795,39.972],[15.771,39.957],[15.766,39.931],[15.756,39.924],[15.736,39.942],[15.732,39.962],[15.71,39.986],[15.686,40.002],[15.675,40.015],[15.675,40.03],[15.664,40.04],[15.645,40.043],[15.676,40.055],[15.669,40.073],[15.652,40.078],[15.677,40.084],[15.706,40.118],[15.709,40.136],[15.702,40.161],[15.715,40.168],[15.713,40.178],[15.728,40.186],[15.734,40.202],[15.751,40.202],[15.773,40.217],[15.791,40.218],[15.791,40.244],[15.804,40.251],[15.8,40.27],[15.806,40.272],[15.79,40.29],[15.749,40.299],[15.727,40.315],[15.726,40.322],[15.705,40.344],[15.704,40.364],[15.71,40.376],[15.701,40.384],[15.671,40.398],[15.663,40.392],[15.648,40.414],[15.587,40.444],[15.59,40.448],[15.576,40.47],[15.539,40.488],[15.535,40.5],[15.55,40.509],[15.535,40.522],[15.542,40.532],[15.529,40.556],[15.539,40.568],[15.52,40.57],[15.51,40.586],[15.491,40.587],[15.472,40.594],[15.464,40.604],[15.449,40.609],[15.465,40.628],[15.468,40.639],[15.489,40.646],[15.504,40.663],[15.487,40.673],[15.469,40.674],[15.443,40.689],[15.43,40.692],[15.41,40.713],[15.381,40.724],[15.379,40.751],[15.391,40.767],[15.381,40.782],[15.388,40.793],[15.366,40.8],[15.381,40.811],[15.366,40.812],[15.357,40.824],[15.335,40.835],[15.378,40.841],[15.374,40.86],[15.378,40.868],[15.357,40.87],[15.354,40.883],[15.373,40.886],[15.384,40.876],[15.409,40.88],[15.445,40.877],[15.461,40.867],[15.473,40.875],[15.468,40.89],[15.527,40.908],[15.535,40.92],[15.544,40.948],[15.567,40.969],[15.57,40.994],[15.56,41.018],[15.563,41.031],[15.553,41.038],[15.543,41.056]]]}},{"type":"Feature","properties":{"name":"Calabria"},"geometry":{"type":"Polygon","coordinates":[[[16.644,40.119],[16.628,40.13],[16.586,40.133],[16.562,40.13],[16.53,40.118],[16.518,40.129],[16.495,40.125],[16.47,40.134],[16.431,40.133],[16.421,40.144],[16.42,40.129],[16.41,40.12],[16.415,40.104],[16.414,40.081],[16.395,40.05],[16.398,40.019],[16.389,40.001],[16.361,39.966],[16.358,39.954],[16.347,39.949],[16.34,39.933],[16.36,39.92],[16.35,39.899],[16.316,39.929],[16.305,39.934],[16.283,39.931],[16.267,39.935],[16.238,39.925],[16.221,39.928],[16.215,39.896],[16.158,39.92],[16.138,39.901],[16.128,39.906],[16.101,39.906],[16.083,39.897],[16.053,39.898],[16.042,39.911],[16.018,39.924],[16.022,39.934],[16.007,39.957],[16.023,39.978],[16.034,39.984],[16.03,39.993],[16.009,39.996],[16.002,39.988],[15.978,39.984],[15.964,39.991],[15.928,40.001],[15.898,39.982],[15.89,39.995],[15.879,39.996],[15.868,39.988],[15.848,40.006],[15.82,40.002],[15.795,39.972],[15.771,39.957],[15.766,39.931],[15.756,39.924],[15.779,39.894],[15.792,39.86],[15.79,39.851],[15.769,39.837],[15.786,39.813],[15.793,39.779],[15.804,39.744],[15.81,39.706],[15.816,39.68],[15.832,39.668],[15.844,39.628],[15.851,39.619],[15.872,39.56],[15.881,39.545],[15.925,39.527],[15.949,39.496],[15.962,39.475],[15.979,39.462],[15.999,39.435],[16.039,39.341],[16.044,39.313],[16.053,39.286],[16.063,39.16],[16.068,39.134],[16.082,39.095],[16.098,39.032],[16.122,39.003],[16.136,38.991],[16.159,38.949],[16.17,38.948],[16.19,38.935],[16.211,38.931],[16.219,38.917],[16.221,38.866],[16.22,38.839],[16.214,38.812],[16.202,38.783],[16.181,38.747],[16.158,38.735],[16.131,38.716],[16.106,38.712],[16.041,38.727],[15.986,38.723],[15.973,38.715],[15.948,38.691],[15.895,38.68],[15.871,38.672],[15.849,38.66],[15.836,38.645],[15.827,38.619],[15.844,38.613],[15.873,38.59],[15.894,38.576],[15.904,38.563],[15.929,38.55],[15.93,38.532],[15.919,38.507],[15.903,38.44],[15.89,38.439],[15.876,38.422],[15.861,38.392],[15.862,38.386],[15.857,38.379],[15.833,38.356],[15.828,38.322],[15.815,38.299],[15.794,38.28],[15.75,38.257],[15.729,38.253],[15.714,38.255],[15.679,38.247],[15.671,38.241],[15.636,38.232],[15.633,38.222],[15.634,38.186],[15.641,38.169],[15.651,38.159],[15.656,38.135],[15.648,38.116],[15.631,38.103],[15.636,38.075],[15.651,38.067],[15.648,38.055],[15.657,38.041],[15.654,38.031],[15.634,38.02],[15.646,37.991],[15.678,37.955],[15.697,37.949],[15.707,37.938],[15.733,37.926],[15.743,37.926],[15.764,37.916],[15.811,37.92],[15.828,37.918],[15.883,37.927],[15.92,37.93],[15.953,37.921],[16.001,37.917],[16.02,37.923],[16.047,37.922],[16.064,37.926],[16.097,37.956],[16.114,37.978],[16.144,38.032],[16.157,38.095],[16.161,38.128],[16.172,38.143],[16.193,38.158],[16.232,38.199],[16.273,38.24],[16.285,38.255],[16.315,38.285],[16.335,38.3],[16.366,38.307],[16.419,38.325],[16.44,38.329],[16.474,38.344],[16.499,38.361],[16.553,38.409],[16.573,38.429],[16.583,38.459],[16.58,38.503],[16.572,38.535],[16.571,38.589],[16.562,38.616],[16.556,38.655],[16.559,38.681],[16.555,38.69],[16.537,38.702],[16.535,38.712],[16.543,38.727],[16.57,38.755],[16.567,38.765],[16.605,38.811],[16.624,38.825],[16.637,38.827],[16.676,38.845],[16.7,38.859],[16.751,38.885],[16.784,38.899],[16.844,38.917],[16.891,38.928],[16.963,38.939],[16.986,38.937],[17.006,38.916],[17.022,38.906],[17.03,38.915],[17.047,38.919],[17.082,38.913],[17.1,38.903],[17.111,38.91],[17.153,38.946],[17.17,38.958],[17.16,38.971],[17.166,38.997],[17.188,39.02],[17.207,39.028],[17.173,39.033],[17.146,39.047],[17.134,39.061],[17.13,39.074],[17.138,39.08],[17.115,39.091],[17.109,39.115],[17.123,39.158],[17.148,39.205],[17.131,39.22],[17.107,39.251],[17.105,39.269],[17.111,39.289],[17.113,39.32],[17.133,39.36],[17.136,39.375],[17.157,39.401],[17.116,39.406],[17.08,39.422],[17.05,39.441],[17.037,39.457],[17.027,39.48],[17.014,39.487],[16.98,39.491],[16.944,39.502],[16.942,39.507],[16.867,39.539],[16.845,39.553],[16.825,39.57],[16.818,39.588],[16.779,39.616],[16.756,39.624],[16.738,39.617],[16.685,39.621],[16.63,39.62],[16.606,39.625],[16.567,39.641],[16.518,39.668],[16.526,39.68],[16.529,39.724],[16.507,39.736],[16.492,39.752],[16.487,39.787],[16.492,39.808],[16.502,39.826],[16.519,39.844],[16.538,39.871],[16.558,39.892],[16.583,39.911],[16.628,39.959],[16.629,39.967],[16.618,39.978],[16.611,39.996],[16.61,40.015],[16.6,40.036],[16.606,40.08],[16.644,40.119]]]}},{"type":"Feature","properties":{"name":"Sicilia"},"geometry":{"type":"MultiPolygon","coordinates":[[[[12.948,38.031],[12.997,38.048],[13.029,38.063],[13.039,38.072],[13.055,38.074],[13.078,38.088],[13.066,38.123],[13.053,38.137],[13.072,38.142],[13.072,38.151],[13.085,38.164],[13.079,38.174],[13.109,38.192],[13.122,38.191],[13.138,38.184],[13.162,38.184],[13.162,38.173],[13.189,38.169],[13.222,38.178],[13.244,38.193],[13.242,38.2],[13.272,38.199],[13.301,38.22],[13.315,38.225],[13.328,38.212],[13.326,38.204],[13.366,38.183],[13.376,38.152],[13.364,38.128],[13.384,38.109],[13.404,38.1],[13.443,38.095],[13.472,38.098],[13.504,38.108],[13.506,38.118],[13.538,38.112],[13.535,38.099],[13.542,38.078],[13.536,38.069],[13.541,38.058],[13.565,38.04],[13.604,38.024],[13.618,38.012],[13.651,37.999],[13.704,37.99],[13.711,37.977],[13.745,37.97],[13.797,37.975],[13.835,37.983],[13.891,38.002],[13.946,38.029],[13.972,38.034],[13.982,38.029],[14.006,38.032],[14.023,38.041],[14.062,38.019],[14.083,38.019],[14.106,38.015],[14.127,38.017],[14.146,38.027],[14.172,38.019],[14.237,38.01],[14.27,38.013],[14.285,38.007],[14.312,38.008],[14.339,38.019],[14.357,38.015],[14.395,38.023],[14.422,38.039],[14.441,38.04],[14.447,38.034],[14.47,38.033],[14.533,38.045],[14.556,38.06],[14.585,38.059],[14.617,38.073],[14.632,38.071],[14.678,38.099],[14.744,38.163],[14.786,38.151],[14.861,38.169],[14.891,38.172],[14.915,38.192],[14.94,38.18],[14.968,38.154],[15.012,38.149],[15.037,38.151],[15.056,38.142],[15.056,38.132],[15.073,38.123],[15.102,38.122],[15.134,38.138],[15.174,38.153],[15.208,38.182],[15.225,38.205],[15.239,38.236],[15.238,38.27],[15.253,38.246],[15.241,38.217],[15.261,38.208],[15.293,38.206],[15.328,38.215],[15.354,38.218],[15.378,38.224],[15.447,38.25],[15.517,38.296],[15.55,38.3],[15.578,38.284],[15.609,38.275],[15.65,38.27],[15.652,38.265],[15.611,38.257],[15.582,38.245],[15.571,38.231],[15.558,38.19],[15.563,38.183],[15.534,38.148],[15.523,38.13],[15.494,38.075],[15.477,38.055],[15.457,38.039],[15.441,38.02],[15.405,37.983],[15.349,37.923],[15.349,37.913],[15.336,37.905],[15.306,37.878],[15.298,37.865],[15.302,37.853],[15.286,37.848],[15.273,37.836],[15.276,37.823],[15.248,37.8],[15.212,37.754],[15.206,37.734],[15.218,37.708],[15.199,37.677],[15.2,37.657],[15.175,37.633],[15.172,37.61],[15.177,37.577],[15.166,37.572],[15.145,37.545],[15.115,37.531],[15.085,37.476],[15.091,37.412],[15.091,37.359],[15.096,37.326],[15.105,37.31],[15.135,37.31],[15.164,37.289],[15.172,37.293],[15.195,37.283],[15.197,37.292],[15.209,37.291],[15.225,37.27],[15.241,37.26],[15.245,37.248],[15.256,37.241],[15.247,37.232],[15.229,37.243],[15.223,37.234],[15.225,37.215],[15.217,37.224],[15.213,37.247],[15.197,37.235],[15.183,37.216],[15.185,37.195],[15.201,37.178],[15.2,37.165],[15.212,37.15],[15.236,37.158],[15.244,37.146],[15.229,37.153],[15.22,37.143],[15.221,37.128],[15.237,37.115],[15.261,37.107],[15.282,37.11],[15.296,37.107],[15.3,37.079],[15.287,37.064],[15.278,37.065],[15.271,37.054],[15.276,37.039],[15.289,37.033],[15.303,37.043],[15.316,37.035],[15.337,37.007],[15.333,37.002],[15.315,37.004],[15.304,37.015],[15.283,37.006],[15.275,37.007],[15.264,36.995],[15.269,36.987],[15.257,36.98],[15.263,36.975],[15.239,36.972],[15.206,36.959],[15.18,36.939],[15.173,36.924],[15.158,36.919],[15.144,36.896],[15.131,36.867],[15.112,36.851],[15.106,36.832],[15.106,36.806],[15.096,36.796],[15.095,36.776],[15.103,36.758],[15.121,36.732],[15.123,36.703],[15.138,36.682],[15.132,36.667],[15.112,36.673],[15.104,36.662],[15.08,36.648],[15.071,36.658],[15.057,36.662],[15.042,36.689],[15.021,36.701],[15.007,36.703],[14.973,36.693],[14.957,36.694],[14.912,36.723],[14.901,36.728],[14.869,36.731],[14.849,36.727],[14.828,36.712],[14.82,36.717],[14.783,36.704],[14.776,36.711],[14.758,36.71],[14.748,36.72],[14.727,36.721],[14.708,36.718],[14.691,36.721],[14.669,36.743],[14.648,36.753],[14.638,36.761],[14.607,36.768],[14.588,36.777],[14.556,36.782],[14.531,36.78],[14.516,36.788],[14.492,36.788],[14.48,36.803],[14.458,36.819],[14.46,36.827],[14.444,36.87],[14.436,36.885],[14.388,36.95],[14.363,36.979],[14.297,37.037],[14.259,37.058],[14.228,37.066],[14.209,37.077],[14.171,37.091],[14.146,37.098],[14.067,37.111],[14.036,37.106],[13.979,37.109],[13.934,37.095],[13.902,37.097],[13.866,37.11],[13.842,37.135],[13.824,37.144],[13.775,37.145],[13.75,37.149],[13.728,37.169],[13.712,37.172],[13.684,37.188],[13.662,37.194],[13.656,37.212],[13.633,37.233],[13.622,37.234],[13.596,37.257],[13.577,37.261],[13.576,37.268],[13.551,37.287],[13.533,37.284],[13.51,37.291],[13.479,37.287],[13.463,37.295],[13.448,37.296],[13.429,37.304],[13.403,37.332],[13.388,37.336],[13.373,37.348],[13.345,37.36],[13.323,37.363],[13.293,37.39],[13.272,37.391],[13.26,37.417],[13.231,37.442],[13.217,37.459],[13.196,37.465],[13.186,37.48],[13.156,37.497],[13.13,37.493],[13.093,37.503],[13.054,37.504],[13.04,37.496],[13.02,37.496],[13.012,37.513],[12.989,37.541],[12.963,37.563],[12.943,37.572],[12.918,37.577],[12.897,37.577],[12.858,37.583],[12.782,37.581],[12.765,37.579],[12.679,37.559],[12.663,37.566],[12.649,37.578],[12.62,37.616],[12.614,37.635],[12.596,37.647],[12.579,37.65],[12.568,37.66],[12.554,37.663],[12.535,37.658],[12.518,37.661],[12.49,37.69],[12.47,37.705],[12.47,37.747],[12.443,37.788],[12.425,37.801],[12.439,37.813],[12.458,37.815],[12.468,37.828],[12.465,37.847],[12.471,37.85],[12.486,37.875],[12.467,37.892],[12.459,37.909],[12.479,37.932],[12.499,37.966],[12.494,37.984],[12.505,37.994],[12.51,38.01],[12.496,38.014],[12.521,38.023],[12.552,38.05],[12.56,38.065],[12.578,38.07],[12.6,38.065],[12.626,38.07],[12.645,38.079],[12.662,38.093],[12.66,38.112],[12.681,38.113],[12.689,38.106],[12.71,38.109],[12.729,38.126],[12.737,38.141],[12.718,38.169],[12.716,38.178],[12.734,38.189],[12.739,38.176],[12.766,38.18],[12.772,38.169],[12.77,38.151],[12.78,38.15],[12.791,38.135],[12.79,38.112],[12.811,38.081],[12.827,38.066],[12.859,38.048],[12.868,38.051],[12.871,38.037],[12.893,38.024],[12.948,38.031]]],[[[12.323,37.931],[12.344,37.937],[12.371,37.918],[12.366,37.906],[12.351,37.907],[12.337,37.92],[12.309,37.919],[12.288,37.915],[12.273,37.937],[12.28,37.946],[12.29,37.943],[12.308,37.956],[12.323,37.931]]],[[[12.078,37.962],[12.083,37.946],[12.055,37.953],[12.045,37.96],[12.03,37.993],[12.061,37.99],[12.078,37.962]]],[[[12.336,38.019],[12.351,37.989],[12.33,37.987],[12.32,38.001],[12.336,38.019]]],[[[12.452,37.874],[12.451,37.848],[12.446,37.844],[12.437,37.881],[12.429,37.895],[12.447,37.899],[12.452,37.874]]],[[[11.955,36.839],[11.973,36.835],[11.995,36.822],[12.013,36.825],[12.053,36.791],[12.055,36.763],[12.047,36.75],[12.027,36.736],[11.993,36.737],[11.982,36.744],[11.972,36.764],[11.956,36.772],[11.951,36.784],[11.928,36.801],[11.928,36.825],[11.955,36.839]]],[[[13.181,38.721],[13.2,38.709],[13.169,38.691],[13.154,38.694],[13.163,38.713],[13.181,38.721]]],[[[14.828,38.547],[14.807,38.553],[14.797,38.561],[14.808,38.582],[14.846,38.579],[14.866,38.583],[14.874,38.562],[14.867,38.536],[14.855,38.535],[14.828,38.547]]],[[[14.96,38.432],[14.969,38.425],[14.964,38.412],[14.981,38.41],[14.997,38.396],[15.005,38.376],[14.992,38.367],[14.978,38.369],[14.949,38.388],[14.94,38.411],[14.954,38.418],[14.96,38.432]]],[[[14.96,38.523],[14.963,38.491],[14.98,38.479],[14.955,38.473],[14.959,38.443],[14.942,38.443],[14.935,38.459],[14.913,38.465],[14.9,38.478],[14.905,38.512],[14.926,38.523],[14.948,38.52],[14.96,38.523]]],[[[14.366,38.55],[14.359,38.532],[14.345,38.532],[14.34,38.548],[14.348,38.554],[14.366,38.55]]],[[[14.576,38.581],[14.58,38.565],[14.592,38.555],[14.554,38.56],[14.541,38.572],[14.544,38.585],[14.576,38.581]]],[[[15.242,38.805],[15.227,38.777],[15.217,38.772],[15.195,38.781],[15.188,38.79],[15.213,38.81],[15.242,38.805]]],[[[12.541,35.529],[12.594,35.521],[12.608,35.524],[12.628,35.52],[12.625,35.505],[12.632,35.494],[12.608,35.494],[12.605,35.502],[12.594,35.498],[12.564,35.512],[12.518,35.519],[12.528,35.528],[12.541,35.529]]],[[[12.877,35.875],[12.881,35.855],[12.86,35.855],[12.85,35.871],[12.877,35.875]]]]}},{"type":"Feature","properties":{"name":"Sardegna"},"geometry":{"type":"MultiPolygon","coordinates":[[[[8.368,40.496],[8.337,40.502],[8.339,40.507],[8.326,40.531],[8.315,40.561],[8.318,40.571],[8.307,40.585],[8.287,40.595],[8.268,40.589],[8.263,40.583],[8.246,40.581],[8.244,40.57],[8.209,40.571],[8.198,40.576],[8.219,40.6],[8.205,40.617],[8.19,40.617],[8.189,40.607],[8.173,40.594],[8.172,40.582],[8.162,40.578],[8.165,40.561],[8.15,40.586],[8.144,40.624],[8.187,40.639],[8.192,40.663],[8.204,40.68],[8.201,40.689],[8.175,40.695],[8.169,40.709],[8.147,40.725],[8.133,40.731],[8.154,40.749],[8.166,40.767],[8.161,40.791],[8.184,40.812],[8.193,40.835],[8.219,40.87],[8.223,40.888],[8.213,40.903],[8.192,40.914],[8.191,40.921],[8.176,40.935],[8.202,40.973],[8.213,40.961],[8.236,40.949],[8.228,40.939],[8.236,40.917],[8.232,40.913],[8.248,40.893],[8.29,40.858],[8.316,40.844],[8.372,40.838],[8.418,40.84],[8.452,40.821],[8.469,40.819],[8.524,40.824],[8.579,40.838],[8.608,40.851],[8.625,40.865],[8.632,40.881],[8.651,40.892],[8.67,40.897],[8.711,40.918],[8.726,40.913],[8.74,40.918],[8.771,40.916],[8.793,40.924],[8.835,40.956],[8.87,40.993],[8.876,41.009],[8.869,41.014],[8.888,41.018],[8.892,41.027],[8.916,41.036],[8.95,41.059],[8.982,41.087],[9.012,41.124],[9.041,41.137],[9.065,41.127],[9.111,41.136],[9.123,41.149],[9.119,41.153],[9.149,41.155],[9.171,41.173],[9.154,41.197],[9.166,41.218],[9.16,41.236],[9.148,41.231],[9.138,41.239],[9.146,41.247],[9.165,41.236],[9.181,41.248],[9.195,41.24],[9.215,41.255],[9.235,41.258],[9.236,41.247],[9.271,41.236],[9.282,41.225],[9.271,41.2],[9.28,41.194],[9.281,41.206],[9.29,41.218],[9.299,41.204],[9.289,41.198],[9.301,41.191],[9.319,41.196],[9.332,41.185],[9.337,41.191],[9.331,41.195],[9.342,41.206],[9.363,41.208],[9.37,41.183],[9.406,41.176],[9.423,41.177],[9.42,41.165],[9.406,41.157],[9.43,41.155],[9.432,41.141],[9.443,41.135],[9.441,41.105],[9.45,41.104],[9.472,41.132],[9.468,41.143],[9.519,41.143],[9.512,41.151],[9.524,41.157],[9.546,41.132],[9.539,41.121],[9.548,41.113],[9.561,41.12],[9.569,41.11],[9.562,41.084],[9.553,41.079],[9.539,41.088],[9.529,41.073],[9.54,41.062],[9.523,41.052],[9.523,41.031],[9.505,41.009],[9.521,41.01],[9.527,41.027],[9.563,41.034],[9.551,41.007],[9.579,41.005],[9.594,41.022],[9.607,41.018],[9.623,41.005],[9.642,41.001],[9.655,41.004],[9.664,40.998],[9.647,40.985],[9.623,40.994],[9.611,41.003],[9.598,40.991],[9.585,40.986],[9.584,40.976],[9.593,40.966],[9.568,40.943],[9.576,40.929],[9.563,40.924],[9.539,40.926],[9.527,40.933],[9.508,40.929],[9.502,40.92],[9.507,40.911],[9.523,40.916],[9.561,40.921],[9.577,40.903],[9.589,40.9],[9.611,40.919],[9.645,40.918],[9.618,40.889],[9.636,40.884],[9.64,40.874],[9.648,40.881],[9.658,40.876],[9.653,40.863],[9.668,40.853],[9.677,40.862],[9.704,40.843],[9.727,40.843],[9.709,40.832],[9.689,40.837],[9.682,40.821],[9.692,40.811],[9.673,40.804],[9.671,40.785],[9.688,40.766],[9.718,40.749],[9.712,40.74],[9.718,40.706],[9.738,40.695],[9.75,40.678],[9.748,40.654],[9.742,40.637],[9.753,40.616],[9.752,40.601],[9.763,40.588],[9.782,40.581],[9.791,40.57],[9.794,40.546],[9.828,40.528],[9.817,40.488],[9.793,40.443],[9.774,40.427],[9.773,40.411],[9.764,40.391],[9.754,40.381],[9.743,40.381],[9.722,40.37],[9.682,40.337],[9.654,40.301],[9.636,40.283],[9.624,40.252],[9.629,40.223],[9.626,40.207],[9.634,40.18],[9.646,40.168],[9.657,40.142],[9.689,40.108],[9.728,40.091],[9.735,40.076],[9.722,40.052],[9.706,40.034],[9.702,40.01],[9.687,39.985],[9.685,39.958],[9.689,39.945],[9.7,39.936],[9.711,39.939],[9.713,39.922],[9.696,39.921],[9.684,39.906],[9.683,39.87],[9.696,39.851],[9.685,39.842],[9.676,39.816],[9.669,39.772],[9.675,39.75],[9.676,39.711],[9.659,39.694],[9.663,39.684],[9.65,39.661],[9.648,39.644],[9.652,39.627],[9.658,39.58],[9.652,39.55],[9.64,39.542],[9.632,39.502],[9.642,39.493],[9.645,39.461],[9.639,39.439],[9.631,39.433],[9.608,39.388],[9.598,39.349],[9.601,39.326],[9.609,39.315],[9.631,39.304],[9.631,39.296],[9.614,39.297],[9.603,39.291],[9.588,39.274],[9.573,39.248],[9.565,39.206],[9.565,39.189],[9.578,39.184],[9.568,39.153],[9.556,39.133],[9.53,39.127],[9.519,39.113],[9.523,39.095],[9.502,39.11],[9.509,39.124],[9.503,39.131],[9.484,39.135],[9.439,39.122],[9.434,39.13],[9.409,39.143],[9.392,39.145],[9.39,39.157],[9.371,39.174],[9.353,39.177],[9.338,39.194],[9.318,39.205],[9.305,39.205],[9.297,39.213],[9.243,39.218],[9.231,39.228],[9.213,39.227],[9.186,39.219],[9.165,39.204],[9.16,39.194],[9.169,39.189],[9.159,39.181],[9.14,39.189],[9.111,39.214],[9.083,39.206],[9.063,39.194],[9.039,39.173],[9.017,39.146],[9.009,39.123],[9.016,39.105],[9.016,39.087],[9.046,39.056],[9.024,39.02],[9.025,39.003],[9.012,38.987],[9.0,38.986],[8.994,38.976],[8.927,38.929],[8.906,38.908],[8.861,38.882],[8.855,38.876],[8.835,38.877],[8.828,38.888],[8.806,38.9],[8.794,38.894],[8.779,38.904],[8.782,38.912],[8.761,38.917],[8.72,38.937],[8.716,38.924],[8.682,38.909],[8.664,38.909],[8.671,38.898],[8.65,38.895],[8.659,38.882],[8.658,38.871],[8.645,38.864],[8.637,38.867],[8.647,38.876],[8.641,38.883],[8.648,38.892],[8.635,38.896],[8.61,38.891],[8.607,38.904],[8.621,38.921],[8.622,38.941],[8.613,38.958],[8.603,38.963],[8.587,38.955],[8.589,38.964],[8.578,38.975],[8.565,39.001],[8.575,39.017],[8.575,39.032],[8.565,39.045],[8.55,39.044],[8.531,39.059],[8.498,39.063],[8.473,39.058],[8.454,39.027],[8.45,38.989],[8.442,38.968],[8.414,38.955],[8.407,38.959],[8.394,38.987],[8.365,39.03],[8.357,39.064],[8.35,39.076],[8.358,39.088],[8.351,39.098],[8.361,39.101],[8.37,39.114],[8.38,39.1],[8.411,39.102],[8.426,39.109],[8.431,39.098],[8.456,39.084],[8.46,39.065],[8.467,39.057],[8.478,39.061],[8.488,39.085],[8.478,39.096],[8.472,39.112],[8.461,39.121],[8.44,39.115],[8.435,39.132],[8.438,39.142],[8.434,39.159],[8.417,39.171],[8.41,39.164],[8.411,39.15],[8.396,39.199],[8.39,39.197],[8.372,39.209],[8.367,39.228],[8.397,39.251],[8.411,39.264],[8.425,39.27],[8.437,39.29],[8.433,39.308],[8.418,39.324],[8.421,39.332],[8.4,39.337],[8.387,39.352],[8.389,39.363],[8.376,39.369],[8.38,39.384],[8.404,39.408],[8.413,39.428],[8.411,39.441],[8.393,39.447],[8.382,39.456],[8.387,39.476],[8.41,39.493],[8.451,39.546],[8.471,39.602],[8.464,39.617],[8.455,39.62],[8.45,39.633],[8.457,39.67],[8.445,39.676],[8.455,39.711],[8.447,39.718],[8.449,39.74],[8.444,39.758],[8.457,39.77],[8.503,39.714],[8.51,39.733],[8.521,39.746],[8.512,39.753],[8.531,39.77],[8.545,39.795],[8.554,39.834],[8.552,39.864],[8.538,39.891],[8.524,39.902],[8.506,39.908],[8.469,39.901],[8.439,39.875],[8.431,39.888],[8.412,39.9],[8.402,39.899],[8.398,39.908],[8.401,39.957],[8.394,39.98],[8.41,39.999],[8.413,40.02],[8.4,40.033],[8.378,40.03],[8.38,40.039],[8.399,40.046],[8.426,40.045],[8.435,40.052],[8.454,40.051],[8.489,40.08],[8.493,40.087],[8.485,40.118],[8.472,40.131],[8.458,40.154],[8.461,40.172],[8.456,40.177],[8.467,40.2],[8.462,40.214],[8.474,40.247],[8.482,40.286],[8.467,40.298],[8.464,40.315],[8.443,40.319],[8.433,40.333],[8.393,40.34],[8.383,40.339],[8.38,40.358],[8.389,40.371],[8.402,40.409],[8.398,40.43],[8.386,40.453],[8.374,40.491],[8.368,40.496]]],[[[8.319,41.12],[8.323,41.106],[8.343,41.098],[8.348,41.09],[8.335,41.079],[8.339,41.061],[8.326,41.054],[8.282,41.066],[8.266,41.046],[8.238,41.028],[8.264,41.001],[8.255,40.985],[8.222,40.988],[8.211,41.004],[8.23,41.023],[8.22,41.029],[8.225,41.044],[8.251,41.051],[8.265,41.072],[8.284,41.075],[8.275,41.104],[8.302,41.105],[8.319,41.12]]],[[[9.419,41.208],[9.422,41.193],[9.411,41.187],[9.397,41.19],[9.398,41.198],[9.419,41.208]]],[[[9.482,41.237],[9.485,41.222],[9.478,41.199],[9.464,41.185],[9.48,41.187],[9.469,41.177],[9.447,41.191],[9.436,41.187],[9.448,41.201],[9.456,41.2],[9.447,41.215],[9.456,41.223],[9.461,41.243],[9.469,41.245],[9.482,41.237]]],[[[9.35,41.252],[9.36,41.242],[9.346,41.229],[9.333,41.236],[9.334,41.248],[9.35,41.252]]],[[[9.431,41.26],[9.437,41.241],[9.437,41.215],[9.415,41.216],[9.383,41.21],[9.374,41.228],[9.402,41.245],[9.4,41.258],[9.413,41.251],[9.416,41.257],[9.415,41.268],[9.431,41.26]]],[[[9.743,40.912],[9.721,40.905],[9.693,40.888],[9.674,40.892],[9.724,40.917],[9.737,40.928],[9.743,40.912]]],[[[8.31,39.187],[8.306,39.163],[8.313,39.139],[8.308,39.129],[8.31,39.113],[8.297,39.097],[8.279,39.096],[8.255,39.104],[8.251,39.133],[8.24,39.141],[8.221,39.145],[8.23,39.165],[8.242,39.164],[8.257,39.17],[8.267,39.179],[8.297,39.179],[8.31,39.187]]]]}}]}